linenum,price,livingArea,lat,lng,county,city,neighborhood,flatBuildingtype,flatFloorCount,numberOfRooms,bathrooms with toilet,toilets,buildingFloorPosition,url
183,17280.0,62.0,45.63353851327547,18.695335190766983,Osječko-baranjska,Darda,Švajcarnica,1,1,2,1,1,2,https://www.njuskalo.hr/nekretnine/stan-svajcarnica-62.00-m2-oglas-42269077
501,30000.0,105.0,45.57035469772777,18.60721020986605,Osječko-baranjska,Osijek - Okolica,Višnjevac,1,1,3,1,1,0,https://www.njuskalo.hr/nekretnine/3-sobni-stan-visnjevac-105.00-m2-oglas-40944327
204,32000.0,24.0,45.54818643140294,18.67994477408425,Osječko-baranjska,Osijek,Bosutsko naselje,0,1,2,1,1,1,https://www.njuskalo.hr/nekretnine/stan-osijek-27.00-m2-oglas-41757679
239,38000.0,44.0,45.544988553662,18.700333825405,Osječko-baranjska,Osijek,Jug I,1,1,2,1,1,0,https://www.njuskalo.hr/nekretnine/stan-osijek-44.14-m2-oglas-38004220
359,38500.0,62.0,45.6215598044865,18.632865787365,Osječko-baranjska,Darda,Darda,0,1,2,1,1,0,https://www.njuskalo.hr/nekretnine/dvosobni-stanovi-darda-oglas-41561966
327,39999.0,44.0,45.66361560978165,18.42190588661601,Osječko-baranjska,Valpovo,Valpovo,0,1,1,1,1,3,https://www.njuskalo.hr/nekretnine/stan-potkrovlju-valpovo-oglas-40550062
305,39999.0,38.0,45.55911476488631,18.671850612824407,Osječko-baranjska,Osijek,Gornji grad / Centar,1,1,1,1,1,0,https://www.njuskalo.hr/nekretnine/jednosoban-stan-kuci-osijek-centar-oglas-40582543
182,40000.0,65.0,45.55221724865345,18.707966901923616,Osječko-baranjska,Osijek,Novi Grad,1,1,3,1,1,0,https://www.njuskalo.hr/nekretnine/dvorisni-stan-prizemlju-garaza-centar-osijek-65-m-oglas-39712819
432,44000.0,51.0,45.621008800291,18.633720969836,Osječko-baranjska,Darda,Darda,0,1,2,1,1,0,https://www.njuskalo.hr/nekretnine/stan-prodaju-51-m-prizemlje-dvosoban-darda-centar-oglas-40596428
358,44900.0,72.0,45.6215598044865,18.632865787365,Osječko-baranjska,Darda,Darda,0,1,3,1,1,1,https://www.njuskalo.hr/nekretnine/trosobni-stanovi-darda-oglas-41561967
343,45000.0,27.0,45.56815,18.67245,Osječko-baranjska,Osijek,Gornji grad / Centar,0,1,1,1,1,0,https://www.njuskalo.hr/nekretnine/dvorisni-stan-27m2-190m2-dvoriste-centar-dubrovacka-32-oglas-40430977
315,46000.0,62.0,45.680891839122,18.404285882508,Osječko-baranjska,Belišće,Belišće,0,1,2,1,1,4,https://www.njuskalo.hr/nekretnine/stan-centru-belisca-62-m2-oglas-38505690
457,48000.0,42.0,45.746590986557,18.607208310995,Osječko-baranjska,Beli Manastir,Beli Manastir,0,1,1,1,1,2,https://www.njuskalo.hr/nekretnine/stan-prodaja-beli-manastir-42m2-oglas-41729304
162,50000.0,21.0,45.560889122881,18.669364822327,Osječko-baranjska,Osijek,Gornji grad / Centar,0,1,0,1,1,0,https://www.njuskalo.hr/nekretnine/prodaja-stan-osijek-gunduliceva-21.49-m2-oglas-42277877
436,50000.0,22.0,45.561417,18.676453,Osječko-baranjska,Osijek,Gornji grad / Centar,0,1,0,1,1,0,https://www.njuskalo.hr/nekretnine/prodaja-stana-oglas-41760992
504,50000.0,50.0,45.55684025898991,18.672052398625254,Osječko-baranjska,Osijek,Gornji grad / Centar,1,1,2,1,1,0,https://www.njuskalo.hr/nekretnine/stan-osijek-50.00-m2-oglas-40638710
383,50000.0,24.0,45.54719493921381,18.71855762637509,Osječko-baranjska,Osijek,Jug II,0,1,1,1,1,4,https://www.njuskalo.hr/nekretnine/garsonjera-24.45-m2-jug-ii-osijek-oglas-42025862
517,52000.0,50.0,45.542,18.050684,Osječko-baranjska,Đurđenovac,Đurđenovac,0,1,2,1,1,1,https://www.njuskalo.hr/nekretnine/prodajem-stan-durdenovcu-oglas-39927676
483,52000.0,34.0,45.54997609066727,18.68893078583445,Osječko-baranjska,Osijek,Bosutsko naselje,0,1,1,1,1,0,https://www.njuskalo.hr/nekretnine/jednosobni-stan-bosutsko-naselje-oglas-40620453
206,52000.0,36.0,45.746590986557,18.607208310995,Osječko-baranjska,Beli Manastir,Beli Manastir,0,1,2,1,1,3,https://www.njuskalo.hr/nekretnine/prekrasan-stan-belom-manastiru-oglas-40604219
112,54000.0,22.0,45.54788328768663,18.68692593048632,Osječko-baranjska,Osijek,Bosutsko naselje,0,1,0,1,1,2,https://www.njuskalo.hr/nekretnine/stan-osijek-22.00-m2-oglas-41292910
185,55000.0,26.0,45.55911476488631,18.671850612824407,Osječko-baranjska,Osijek,Gornji grad / Centar,0,1,1,1,1,0,https://www.njuskalo.hr/nekretnine/garsonjera-strogom-centru-grada-osijek-oglas-41631910
418,55000.0,22.0,45.559684573288,18.668006415594,Osječko-baranjska,Osijek,Gornji grad / Centar,0,1,0,1,1,0,https://www.njuskalo.hr/nekretnine/prodaja-stan-osijek-radica-26.07-m2-oglas-41321095
131,55000.0,45.0,45.55533,18.67084,Osječko-baranjska,Osijek,Gornji grad / Centar,0,1,1,1,1,1,https://www.njuskalo.hr/nekretnine/stan-osijeku-1sobni-37m2-centar-zgradi-oglas-40763417
281,55200.0,109.0,45.6544946496546,18.432609600642035,Osječko-baranjska,Valpovo,Valpovo,1,1,3,1,1,2,https://www.njuskalo.hr/nekretnine/stan-valpovo-109.66-m2-oglas-40571314
145,55500.0,30.0,45.561026102009,18.645786080768,Osječko-baranjska,Osijek,Retfala,0,1,0,1,1,0,https://www.njuskalo.hr/nekretnine/osijek-retfala-stan-30m2-oglas-42153878
78,58000.0,72.0,45.55911476488631,18.671850612824407,Osječko-baranjska,Osijek,Gornji grad / Centar,1,1,2,1,1,0,https://www.njuskalo.hr/nekretnine/osijek-prodaja-dvorisni-stan-72-m2-retfala-oglas-40686532
468,59000.0,86.0,45.309363936622,18.418297928015,Osječko-baranjska,Đakovo,Đakovo,0,1,3,1,1,3,https://www.njuskalo.hr/nekretnine/stan-dakovo-86.00-m2-oglas-39004006
385,60000.0,60.0,45.592501801223,18.738132311682,Osječko-baranjska,Bilje,Bilje,1,1,2,1,1,0,https://www.njuskalo.hr/nekretnine/stan-bilje-60.00-m2-oglas-42020574
341,60000.0,33.0,45.54719493921381,18.71855762637509,Osječko-baranjska,Osijek,Jug II,0,1,1,1,1,3,https://www.njuskalo.hr/nekretnine/stan-32.85-m2-jugu-ii-oglas-42110858
277,61500.0,24.0,45.55925,18.66736,Osječko-baranjska,Osijek,Gornji grad / Centar,0,1,0,1,1,0,https://www.njuskalo.hr/nekretnine/stan-garosnijera-studio-apartman-osijek-24.00-m2-novogradnja-oglas-40760278
39,62000.0,29.0,45.553747986469,18.709438651424,Osječko-baranjska,Osijek,Novi Grad,0,1,1,1,1,0,https://www.njuskalo.hr/nekretnine/prodaja-stan-osijek-bosanska-29.39-m2-oglas-41777542
221,63000.0,81.0,45.55857061985,18.667896331697,Osječko-baranjska,Osijek,Gornji grad / Centar,1,1,3,1,1,0,https://www.njuskalo.hr/nekretnine/prodaja-stan-osijek-strosmajerova-81.84-m2-oglas-41919185
354,64000.0,35.0,45.556413927999,18.693688092387,Osječko-baranjska,Osijek,Vij. Ivana Meštrovića,0,1,2,1,1,0,https://www.njuskalo.hr/nekretnine/stan-osijek-centar-35.00-m2-oglas-42094245
324,64900.0,142.0,45.557598698086,18.668517806657,Osječko-baranjska,Osijek,Gornji grad / Centar,1,1,4,1,1,3,https://www.njuskalo.hr/nekretnine/centar-4-soban-dvorisni-142m2-prizemlje-centralno-plinsko-podrum-oglas-33454177
366,64900.0,142.0,45.557598698086,18.668517806657,Osječko-baranjska,Osijek,Gornji grad / Centar,1,1,4,2,2,0,https://www.njuskalo.hr/nekretnine/centar-4-soban-dvorisni-142m2-prizemlje-centralno-plinsko-podrum-oglas-33453942
466,65000.0,57.0,45.552969764485,18.685058340387,Osječko-baranjska,Osijek,Gornji grad / Centar,1,2,3,1,1,0,https://www.njuskalo.hr/nekretnine/odmah-useljiv-trosobni-stan-kasiceva-ulica-oglas-38232974
164,65000.0,67.0,45.558021253041,18.668148121889,Osječko-baranjska,Osijek,Gornji grad / Centar,0,1,2,1,1,1,https://www.njuskalo.hr/nekretnine/veliki-dvosobni-stan-67-m2-strogi-centar-grada-oglas-29541626
51,65000.0,26.0,45.55723253554253,18.71987304161126,Osječko-baranjska,Osijek,Donji grad,0,1,0,1,1,0,https://www.njuskalo.hr/nekretnine/stan-osijek-26.00-m2-novogradnja-oglas-41640057
345,67000.0,87.0,45.558764744373,18.667857751028,Osječko-baranjska,Osijek,Gornji grad / Centar,1,2,3,1,1,2,https://www.njuskalo.hr/nekretnine/dvorisni-stan-87m2-adaptiran-centar-grada-fasada-etaziran-oglas-38264085
223,67000.0,32.0,45.54647267750214,18.71331600251309,Osječko-baranjska,Osijek,Jug II,0,1,1,1,1,0,https://www.njuskalo.hr/nekretnine/prodaja-stan-osijek-opatijska-32.56-m2-oglas-41198246
238,67000.0,112.0,45.558362037603,18.674142938009,Osječko-baranjska,Osijek,Gornji grad / Centar,0,1,3,1,1,0,https://www.njuskalo.hr/nekretnine/prodaja-stan-osijek-vukovarska-112.01-m2-oglas-40503712
314,67990.0,50.0,45.55718893515834,18.66910825998286,Osječko-baranjska,Osijek,Gornji grad / Centar,1,1,2,1,1,0,https://www.njuskalo.hr/nekretnine/dvosoban-50m2-dvorisni-kompletno-adaptiran-namjesten-garaza-oglas-41120578
522,68000.0,54.0,45.549678864457,18.704613214947,Osječko-baranjska,Osijek,Vatrogasno naselje,0,1,3,1,1,0,https://www.njuskalo.hr/nekretnine/stan-osijek-54.00-m2-oglas-39108338
391,68000.0,73.0,45.543192459503,18.051602194282,Osječko-baranjska,Đurđenovac,Đurđenovac,0,1,3,1,1,1,https://www.njuskalo.hr/nekretnine/stan-durdenovac-73.00-m2-oglas-40926436
465,68000.0,85.0,45.560628149431,18.673234216431,Osječko-baranjska,Osijek,Gornji grad / Centar,1,1,2,1,1,0,https://www.njuskalo.hr/nekretnine/stan-dvoristem-centru-osijeka-85m2-oglas-37685653
44,68400.0,38.0,45.56126681719522,18.720655659931023,Osječko-baranjska,Osijek,Donji grad,0,1,0,1,1,3,https://www.njuskalo.hr/nekretnine/stan-osijek-38.00-m2-novogradnja-oglas-41640062
276,69900.0,72.0,45.56072308217953,18.669031153601217,Osječko-baranjska,Osijek,Gornji grad / Centar,1,1,3,2,1,0,https://www.njuskalo.hr/nekretnine/stan-osijek-72.00-m2-oglas-35516866
486,70000.0,58.0,45.490585,18.11901,Osječko-baranjska,Našice,Našice,0,1,3,1,1,0,https://www.njuskalo.hr/nekretnine/stan-nasicki-markovac-58.00-m2-oglas-40756495
29,70000.0,52.0,45.559798483954,18.668065245399,Osječko-baranjska,Osijek,Gornji grad / Centar,0,1,2,1,1,0,https://www.njuskalo.hr/nekretnine/dvorisni-stan-centar-j-gerova-ulica-52-m2-dvosobni-oglas-41391748
528,70000.0,85.0,45.55911476488631,18.671850612824407,Osječko-baranjska,Osijek,Gornji grad / Centar,1,2,3,1,1,1,https://www.njuskalo.hr/nekretnine/trosoban-stan-strogi-centar-kuci-oglas-27198362
230,70000.0,66.0,45.55544085652,18.724158785136,Osječko-baranjska,Osijek,Donji grad,1,1,2,1,1,1,https://www.njuskalo.hr/nekretnine/prodaja-stan-osijek-crkvena-66.53-m2-oglas-40180458
233,71000.0,63.0,45.561103630664,18.670011477355,Osječko-baranjska,Osijek,Gornji grad / Centar,0,1,2,1,1,1,https://www.njuskalo.hr/nekretnine/prodaja-stan-osijek-ruzina-ulica-63.50-m2-oglas-38304168
490,71300.0,32.0,45.56481,18.62876,Osječko-baranjska,Osijek - Okolica,Višnjevac,0,1,1,1,1,1,https://www.njuskalo.hr/nekretnine/s5-jednosobni-stan-1-kat-32.41-m2-pocetak-visnjevca-oglas-41109202
443,71300.0,32.0,45.56481,18.62876,Osječko-baranjska,Osijek - Okolica,Višnjevac,0,1,1,1,1,2,https://www.njuskalo.hr/nekretnine/s9-jednosobni-stan-2-kat-32.41-m2-pocetak-visnjevca-oglas-41109206
99,72000.0,29.0,45.55110257376839,18.69402390196536,Osječko-baranjska,Osijek,Novi Grad,0,1,2,1,1,3,https://www.njuskalo.hr/nekretnine/stan-oglas-41873713
15,72100.0,125.0,45.55911476488631,18.671850612824407,Osječko-baranjska,Osijek,Gornji grad / Centar,1,2,3,1,1,1,https://www.njuskalo.hr/nekretnine/centar-grada-4-sobni-dvorisni-stan-cca125m2.1-kat-oglas-32546872
77,72700.0,60.0,45.5508566,18.7109904,Osječko-baranjska,Osijek,Novi Grad,1,1,1,2,1,0,https://www.njuskalo.hr/nekretnine/osijek-prodaja-dva-dvorisna-stana-idealno-studente-oglas-41084201
94,72900.0,44.0,45.545431655576856,18.718116412023544,Osječko-baranjska,Osijek,Jug II,0,1,2,1,1,4,https://www.njuskalo.hr/nekretnine/jug-2-dvosoban-45m2-adaptiran-odlican-raspored-centralno-plinsko-oglas-39222325
234,73000.0,83.0,45.54803775257447,18.68407175191824,Osječko-baranjska,Osijek,Industrijska četvrt,1,1,4,1,1,1,https://www.njuskalo.hr/nekretnine/stan-osijek-bosutska-83.12-m2-oglas-37337392
397,74900.0,55.0,45.55765884525877,18.67365546547925,Osječko-baranjska,Osijek,Gornji grad / Centar,0,1,3,1,1,1,https://www.njuskalo.hr/nekretnine/trosoban-stan-centru-55m2-c-plinsko-oglas-37199090
102,75000.0,37.0,45.562420142842,18.641953319878,Osječko-baranjska,Osijek,Retfala,0,1,1,1,1,3,https://www.njuskalo.hr/nekretnine/jednosoban-stan-retfala-oglas-42269612
108,75000.0,55.0,45.56276707578898,18.69522478647596,Osječko-baranjska,Osijek,Vij. Ivana Meštrovića,0,1,3,1,1,5,https://www.njuskalo.hr/nekretnine/dvosoban-stan-vij-mestrovica-oglas-40121569
368,75000.0,49.0,45.55911476488631,18.671850612824407,Osječko-baranjska,Osijek,Gornji grad / Centar,0,1,1,1,1,5,https://www.njuskalo.hr/nekretnine/novouredeni-stan-vijencu-augusta-cesarca-49m2-osijek-oglas-41296088
177,75000.0,118.0,45.31,18.4098,Osječko-baranjska,Đakovo,Đakovo,1,1,2,1,1,2,https://www.njuskalo.hr/nekretnine/stan-poslovni-prostor-dakovackom-korzu-oglas-40738232
227,75000.0,41.0,45.55756513096814,18.67355311681041,Osječko-baranjska,Osijek,Gornji grad / Centar,1,1,1,1,1,0,https://www.njuskalo.hr/nekretnine/stan-osijek-41.88-m2-oglas-41149703
441,75000.0,70.0,45.54582,18.67733,Osječko-baranjska,Osijek,Bosutsko naselje,1,3,3,1,1,1,https://www.njuskalo.hr/nekretnine/kuca-stan-nizu-3-sobe-garaza-70m2-stambeno-bosutsko-nas-oglas-41349004
318,75000.0,103.0,45.555925336871546,18.72264309734987,Osječko-baranjska,Osijek,Donji grad,0,1,3,1,1,0,https://www.njuskalo.hr/nekretnine/3-soban-103m2-dvorisne-prostorije-40m2-slavonska-3-plin-parking-oglas-18066056
512,75000.0,40.0,45.557754001957,18.673700094223,Osječko-baranjska,Osijek,Gornji grad / Centar,0,1,1,1,1,4,https://www.njuskalo.hr/nekretnine/stan-osijek-40.00-m2-oglas-40343103
87,75900.0,33.0,45.552329915023,18.723031282425,Osječko-baranjska,Osijek,Donji grad,0,1,0,1,1,1,https://www.njuskalo.hr/nekretnine/stan-vukovarska-222-osijek-33.04-m2-novogradnja-oglas-40633644
264,76000.0,32.0,45.55803195352914,18.67563128471375,Osječko-baranjska,Osijek,Gornji grad / Centar,0,1,1,1,1,2,https://www.njuskalo.hr/nekretnine/stan-osijek-32.00-m2-oglas-41245854
43,77000.0,68.0,45.5600599,18.6970584,Osječko-baranjska,Osijek,Tvrđa,0,1,2,1,1,1,https://www.njuskalo.hr/nekretnine/osijek-tvrda-2-soban-stan-68-m2-1-kat-odlicna-oglas-34445091
415,77000.0,42.0,45.54719493921381,18.71855762637509,Osječko-baranjska,Osijek,Jug II,0,1,2,1,1,4,https://www.njuskalo.hr/nekretnine/osijek-jug-2-trpanjska-dvosoban-stan-grijanjem-gradsku-toplanu-oglas-40473627
132,78000.0,125.0,45.55911476488631,18.671850612824407,Osječko-baranjska,Osijek,Gornji grad / Centar,1,1,2,2,1,0,https://www.njuskalo.hr/nekretnine/centar-grada-3-sobni-dvorisni-stan-poslovni-prostor-oglas-32546873
526,78000.0,64.0,45.290464983156,18.413085504073,Osječko-baranjska,Đakovo,Đakovo,0,1,1,1,1,2,https://www.njuskalo.hr/nekretnine/stan-dakovo-64.00-m2-oglas-30185702
158,79000.0,50.0,45.54936753922756,18.717531042232768,Osječko-baranjska,Osijek,Jug II,0,1,2,1,1,3,https://www.njuskalo.hr/nekretnine/stan-50-m2-osijeku-naselje-jug-ii-oglas-40183277
161,79000.0,50.0,45.549530720088406,18.716552349511066,Osječko-baranjska,Osijek,Jug II,0,1,2,1,1,3,https://www.njuskalo.hr/nekretnine/dvosobni-stan-odmah-useljiv-osijek-jug-ii-oglas-42167547
253,79000.0,68.0,45.55964877143725,18.72209638879721,Osječko-baranjska,Osijek,Donji grad,1,1,3,1,1,0,https://www.njuskalo.hr/nekretnine/dvosoban-80m2-dvorisni-kompletno-adaptiran-namjesten-parking-oglas-41123967
260,79990.0,102.0,45.56772934880262,18.61490607261658,Osječko-baranjska,Osijek - Okolica,Višnjevac,1,1,4,1,1,2,https://www.njuskalo.hr/nekretnine/stan-visnjevac-102-m2-oglas-20951017
103,80000.0,52.0,45.54729,18.716307,Osječko-baranjska,Osijek,Jug II,0,1,2,1,1,4,https://www.njuskalo.hr/nekretnine/stan-osijek-52.26-m2-oglas-37137945
499,80000.0,46.0,45.558544724398,18.674205512582,Osječko-baranjska,Osijek,Gornji grad / Centar,1,1,1,1,1,0,https://www.njuskalo.hr/nekretnine/stan-osijek-46.00-m2-oglas-39561308
254,80000.0,56.0,45.544522094213534,18.72864435917168,Osječko-baranjska,Osijek,Jug II,0,1,3,1,1,4,https://www.njuskalo.hr/nekretnine/trosoban-stan-56.41m2-jug-2-umaska-9-4-kat-adaptaciju-oglas-41321882
300,81000.0,74.0,45.557040046977,18.672684219607,Osječko-baranjska,Osijek,Gornji grad / Centar,1,1,2,1,1,0,https://www.njuskalo.hr/nekretnine/centar-grada-reisnerova-ulica-oglas-11314947
438,82000.0,51.0,45.55751,18.70149,Osječko-baranjska,Osijek,Vij. Ivana Meštrovića,0,1,2,1,1,5,https://www.njuskalo.hr/nekretnine/dvosobni-moguce-trosobni-51-m2-5-kat-bez-lifta-v-mestrovica-oglas-41728799
362,82000.0,120.0,45.556603620657,18.717422723374,Osječko-baranjska,Osijek,Donji grad,1,1,4,1,1,0,https://www.njuskalo.hr/nekretnine/cetverosoban-dvorisni-120m2-donji-grad-c-plinsko-oglas-41757754
404,83000.0,83.0,45.54759968181031,18.68214091407222,Osječko-baranjska,Osijek,Bosutsko naselje,1,1,4,1,1,1,https://www.njuskalo.hr/nekretnine/stan-kuci-bosutsko-naselje-osijek-oglas-40473840
163,83000.0,140.0,45.55911476488631,18.671850612824407,Osječko-baranjska,Osijek,Gornji grad / Centar,1,1,4,1,1,0,https://www.njuskalo.hr/nekretnine/dvorisni-stan-140m2-strossmayerova-ul-oglas-41935009
224,83000.0,48.0,45.54747507077767,18.719506682648493,Osječko-baranjska,Osijek,Jug II,0,1,2,1,1,1,https://www.njuskalo.hr/nekretnine/prodaja-stan-osijek-opatijska-48.98-m2-oglas-41452926
274,83000.0,125.0,45.548347911345,18.700414896011,Osječko-baranjska,Osijek,Vatrogasno naselje,1,1,3,1,1,0,https://www.njuskalo.hr/nekretnine/stan-osijek-vatrogasna-20-125.00-m2-oglas-36517659
115,83900.0,46.0,45.56401011040812,18.64307199733922,Osječko-baranjska,Osijek,Retfala,0,1,2,1,1,1,https://www.njuskalo.hr/nekretnine/retfala-lj-posavskog-dvosoban-46.51m2-1-kat-loda-podrum-pvc-oglas-42207547
375,84000.0,103.0,45.56437,18.66437,Osječko-baranjska,Osijek,Gornji grad / Centar,0,1,4,1,1,0,https://www.njuskalo.hr/nekretnine/stan-kuci-dvorisni-cetverosobni-103-m2-strossmayerova-siri-cen-oglas-40499325
22,84000.0,68.0,45.65791,18.420017,Osječko-baranjska,Valpovo,Valpovo,0,1,3,1,1,2,https://www.njuskalo.hr/nekretnine/prodaja-stana-oglas-40547328
371,84120.0,35.0,45.560451639057,18.643336112034,Osječko-baranjska,Osijek,Retfala,0,1,2,1,1,1,https://www.njuskalo.hr/nekretnine/novogradnja-dvosobni-35m2-38m2-39m2-44m2-trosobni-65m2-66m2-oglas-41477017
49,84600.0,47.0,45.560783314965,18.723777469658,Osječko-baranjska,Osijek,Donji grad,0,3,2,1,1,2,https://www.njuskalo.hr/nekretnine/stan-osijek-47.00-m2-novogradnja-oglas-41125389
50,84600.0,47.0,45.560783314965,18.723777469658,Osječko-baranjska,Osijek,Donji grad,0,3,2,1,1,2,https://www.njuskalo.hr/nekretnine/stan-osijek-47.00-m2-novogradnja-oglas-41125388
471,85000.0,71.0,45.556828155012,18.707660294111,Osječko-baranjska,Osijek,Novi Grad,0,1,2,1,1,1,https://www.njuskalo.hr/nekretnine/dvoiposoban-stan-osijek-grad-71.25m2-oglas-39912895
172,85000.0,50.0,45.54298303017485,18.71456623077393,Osječko-baranjska,Osijek,Jug II,0,1,3,1,1,0,https://www.njuskalo.hr/nekretnine/stan-osijek-50.00-m2-oglas-42272733
231,85000.0,73.0,45.557196811692,18.669093585069,Osječko-baranjska,Osijek,Gornji grad / Centar,1,1,3,1,1,0,https://www.njuskalo.hr/nekretnine/prodaja-stan-osijek-reisnerova-73.00-m2-oglas-39536019
211,85115.0,35.0,45.564305098751,18.643701732456,Osječko-baranjska,Osijek,Retfala,0,1,2,1,1,3,https://www.njuskalo.hr/nekretnine/novogradnja-dvosoban-lodom-35m2-parking-j-j-strossmayera-3-kat-oglas-41495929
394,85176.0,47.0,45.55592644177329,18.608549425387995,Osječko-baranjska,Osijek - Okolica,Višnjevac,0,1,2,1,1,1,https://www.njuskalo.hr/nekretnine/stanovi-novogradnji-2-sobni-47m2-51m2-3-sobni-56m2-68m2-oglas-39319029
217,85336.0,33.0,45.560970594966,18.642572556707,Osječko-baranjska,Osijek,Retfala,0,1,2,1,1,3,https://www.njuskalo.hr/nekretnine/novogradnja-dvosoban-lodom-34m2-parking-j-j-strossmayera-2-kat-oglas-37934278
89,85536.0,38.0,45.550211680313,18.721955089604,Osječko-baranjska,Osijek,Donji grad,0,1,1,1,1,4,https://www.njuskalo.hr/nekretnine/stan-vukovarska-222-osijek-38.88-m2-novogradnja-oglas-40633538
382,88000.0,58.0,45.5564,18.650017,Osječko-baranjska,Osijek,Retfala,0,1,2,1,1,4,https://www.njuskalo.hr/nekretnine/stan-osijek-58.00-m2-oglas-42029967
133,88000.0,50.0,45.545041962614,18.71641610367,Osječko-baranjska,Osijek,Jug II,0,1,2,1,1,1,https://www.njuskalo.hr/nekretnine/opatijska-ulica-dvoipolsobni-stan-plin-1-kat-oglas-42053917
46,88200.0,49.0,45.560783314965,18.723777469658,Osječko-baranjska,Osijek,Donji grad,0,1,2,1,1,3,https://www.njuskalo.hr/nekretnine/stan-osijek-49.00-m2-novogradnja-oglas-41325020
212,88620.0,35.0,45.56159603803072,18.64820894756861,Osječko-baranjska,Osijek,Retfala,0,1,2,1,1,1,https://www.njuskalo.hr/nekretnine/novogradnja-dvosoban-lodom-35m2-parking-j-j-strossmayera-1-kat-oglas-41487577
123,88620.0,35.0,45.560856570298,18.642700537229,Osječko-baranjska,Osijek,Retfala,0,1,2,1,1,2,https://www.njuskalo.hr/nekretnine/novogradnja-dvosoban-lodom-35m2-parking-j-j-strossmayera-2-kat-oglas-41490029
328,89000.0,46.0,45.55218,18.727972,Osječko-baranjska,Osijek,Jug II,0,1,2,1,1,1,https://www.njuskalo.hr/nekretnine/prodajem-stan-opatijska-oglas-39972213
7,89000.0,31.0,45.55056701261969,18.693255705726383,Osječko-baranjska,Osijek,Sjenjak,0,1,1,1,1,1,https://www.njuskalo.hr/nekretnine/stan-osijek-31.00-m2-oglas-42329342
67,89900.0,76.0,45.567944,18.611563,Osječko-baranjska,Osijek - Okolica,Višnjevac,1,1,3,1,1,2,https://www.njuskalo.hr/nekretnine/stan-visnjevac-70.00-m2-oglas-39721958
136,90000.0,45.0,45.564503559204,18.644508537554,Osječko-baranjska,Osijek,Retfala,0,1,2,1,1,2,https://www.njuskalo.hr/nekretnine/stan-osijek-45.00-m2-novogradnja-oglas-42282760
251,91119.0,43.0,45.560059210802,18.644935872283,Osječko-baranjska,Osijek,Retfala,0,1,2,1,1,1,https://www.njuskalo.hr/nekretnine/stan-osijek-retfala-novogradnja-dvosobni-stan-43-m2-oglas-37922974
189,91300.0,43.0,45.550586883979,18.709952831268,Osječko-baranjska,Osijek,Novi Grad,0,1,2,1,1,4,https://www.njuskalo.hr/nekretnine/stan-osijek-43.00-m2-novogradnja-oglas-41373477
396,92000.0,50.0,45.55911476488631,18.671850612824407,Osječko-baranjska,Osijek,Gornji grad / Centar,0,1,2,1,1,0,https://www.njuskalo.hr/nekretnine/prizemlje-vijenac-a-cesarca-50m2-osijek-oglas-41942605
52,92000.0,40.0,45.56285,18.645102,Osječko-baranjska,Osijek,Retfala,0,1,2,1,1,2,https://www.njuskalo.hr/nekretnine/urbana-vila-retfali-oglas-38141912
88,92337.0,43.0,45.550211680313,18.721955089604,Osječko-baranjska,Osijek,Donji grad,0,1,1,1,1,4,https://www.njuskalo.hr/nekretnine/stan-vukovarska-222-osijek-43.97-m2-novogradnja-oglas-40633597
23,93000.0,42.0,45.560103252491,18.645830470298,Osječko-baranjska,Osijek,Retfala,0,1,2,1,1,2,https://www.njuskalo.hr/nekretnine/prodaja-stan-osijek-vij-dinare-42.45-m2-oglas-41723762
85,93170.0,42.0,45.552329915023,18.723031282425,Osječko-baranjska,Osijek,Donji grad,0,1,2,1,1,0,https://www.njuskalo.hr/nekretnine/stan-osijek-42.35-m2-novogradnja-oglas-40880549
119,93257.0,38.0,45.560451639057,18.643336112034,Osječko-baranjska,Osijek,Retfala,0,1,2,1,1,3,https://www.njuskalo.hr/nekretnine/novogradnja-dvosoban-lodom-38.59m2-parking-j-j-strossmayera-3-kat-oglas-41496229
17,94000.0,49.0,45.55374990989531,18.68150442156924,Osječko-baranjska,Osijek,Gornji grad / Centar,0,1,2,1,1,5,https://www.njuskalo.hr/nekretnine/dvosoban-stan-reisnerova-ulica-34c-peti-kat-zatvorena-loda-oglas-42052135
159,94000.0,46.0,45.559912147599,18.668134145421,Osječko-baranjska,Osijek,Gornji grad / Centar,0,1,2,1,1,3,https://www.njuskalo.hr/nekretnine/dvosbni-stan-46.00-m2-3-kat-centar-osijeka-oglas-40919308
86,94899.0,45.0,45.552329915023,18.723031282425,Osječko-baranjska,Osijek,Donji grad,0,1,2,1,1,0,https://www.njuskalo.hr/nekretnine/stan-vukovarska-222-osijek-45.19-m2-novogradnja-prizemlje-oglas-40880537
116,94900.0,42.0,45.561696320534,18.642067634954,Osječko-baranjska,Osijek,Retfala,0,1,2,1,1,2,https://www.njuskalo.hr/nekretnine/stan-osijek-42.00-m2-novogradnja-oglas-41731869
171,94999.0,45.0,45.558897001262665,18.696800959620987,Osječko-baranjska,Osijek,Vij. Ivana Meštrovića,0,1,2,1,1,4,https://www.njuskalo.hr/nekretnine/dvosoban-stan-terasom-vij-mestrovica-osijek-oglas-41409748
485,95000.0,55.0,45.49452340647616,18.098334787084863,Osječko-baranjska,Našice,Našice,0,1,2,1,1,2,https://www.njuskalo.hr/nekretnine/stan-nasice-55.00-m2-oglas-41336465
401,95000.0,50.0,45.54719493921381,18.71855762637509,Osječko-baranjska,Osijek,Jug II,0,1,3,1,1,0,https://www.njuskalo.hr/nekretnine/osijek-jug-2-opatijska-manji-trosoban-stan-prizemlju-oglas-40542979
416,95000.0,50.0,45.54719493921381,18.71855762637509,Osječko-baranjska,Osijek,Jug II,0,1,3,1,1,1,https://www.njuskalo.hr/nekretnine/osijek-jug-2-opatijska-manji-trosoban-stan-prvom-katu-oglas-40473626
476,95000.0,54.0,45.56117548554,18.642381114071,Osječko-baranjska,Osijek,Retfala,0,1,2,1,1,0,https://www.njuskalo.hr/nekretnine/prodaja-stan-osijek-vij-j-kozarca-54.24-m2-oglas-41556504
446,95000.0,47.0,45.56481,18.62876,Osječko-baranjska,Osijek - Okolica,Višnjevac,0,1,2,1,1,1,https://www.njuskalo.hr/nekretnine/s4-dvosobni-stan-1-kat-47.50-m2-pocetak-visnjevca-oglas-41109201
444,95000.0,47.0,45.56481,18.62876,Osječko-baranjska,Osijek - Okolica,Višnjevac,0,1,2,1,1,2,https://www.njuskalo.hr/nekretnine/s8-dvosobni-stan-2-kat-47.50-m2-pocetak-visnjevca-oglas-41109205
79,95000.0,148.0,45.5575672,18.660154,Osječko-baranjska,Osijek,Retfala,1,2,5,2,1,1,https://www.njuskalo.hr/nekretnine/osijek-retfala-prodaja-etazni-stan-kuci-148.68-m2-oglas-37250770
244,95000.0,50.0,45.557423,18.671711,Osječko-baranjska,Osijek,Gornji grad / Centar,1,1,2,1,1,0,https://www.njuskalo.hr/nekretnine/dvorisni-stan-anina-62-centar-osijeka-oglas-41050260
255,95000.0,57.0,45.549330713142,18.717651522653,Osječko-baranjska,Osijek,Jug II,0,1,2,1,1,4,https://www.njuskalo.hr/nekretnine/dvosoban-stan-57.79m2-jug-2-balkon-4-kat-oglas-40126967
307,95258.0,39.0,45.56147903948179,18.64814849672266,Osječko-baranjska,Osijek,Retfala,0,1,2,1,1,3,https://www.njuskalo.hr/nekretnine/novogradnja-dvosoban-lodom-39.46m2-parking-j-j-strossmayera-3-kat-oglas-41496093
218,95816.0,43.0,45.552935029156,18.713638658846,Osječko-baranjska,Osijek,Novi Grad,0,1,2,1,1,4,https://www.njuskalo.hr/nekretnine/stan-osijek-43.00-m2-novogradnja-oglas-42249147
460,96000.0,52.0,45.549457423119,18.71545925941,Osječko-baranjska,Osijek,Jug II,0,1,2,1,1,4,https://www.njuskalo.hr/nekretnine/stan-osijek-52.00-m2-oglas-41577125
64,96800.0,42.0,45.550315100293865,18.677744202374843,Osječko-baranjska,Osijek,Gornji grad / Centar,0,1,2,1,1,2,https://www.njuskalo.hr/nekretnine/stan-osijek-42.45-m2-vijenac-dinare-oglas-41776564
312,97000.0,56.0,45.561214568656,18.670737822284,Osječko-baranjska,Osijek,Gornji grad / Centar,0,1,3,1,1,4,https://www.njuskalo.hr/nekretnine/trosobni-stan-osijek-centar-oglas-40045708
6,97000.0,42.0,45.55677447446041,18.64838701778305,Osječko-baranjska,Osijek,Retfala,0,1,2,1,1,2,https://www.njuskalo.hr/nekretnine/dvosoban-stan-42.45m2-novije-gradnje-namjesten-vij-dinare-oglas-41786700
153,97000.0,42.0,45.561649057736,18.646914326101,Osječko-baranjska,Osijek,Retfala,0,1,2,1,1,2,https://www.njuskalo.hr/nekretnine/stan-osijek-retfala-42m2-oglas-41616137
412,97000.0,56.0,45.55911476488631,18.671850612824407,Osječko-baranjska,Osijek,Gornji grad / Centar,0,1,2,1,1,4,https://www.njuskalo.hr/nekretnine/osijek-svetog-roka-dvosoban-stan-novijoj-gradnji-parkingom-oglas-40473665
437,97000.0,42.0,45.56273818684963,18.6420098826,Osječko-baranjska,Osijek,Retfala,0,1,2,1,1,2,https://www.njuskalo.hr/nekretnine/dvosobni-stan-retfali-namjesten-oglas-41751844
124,97116.0,38.0,45.560451639057,18.643336112034,Osječko-baranjska,Osijek,Retfala,0,1,2,1,1,1,https://www.njuskalo.hr/nekretnine/novogradnja-dvosoban-lodom-38.59m2-parking-j-j-strossmayera-1-kat-oglas-41489935
121,97116.0,38.0,45.560451639057,18.643336112034,Osječko-baranjska,Osijek,Retfala,0,1,2,1,1,2,https://www.njuskalo.hr/nekretnine/novogradnja-dvosoban-lodom-38.59m2-parking-j-j-strossmayera-2-kat-oglas-41495698
184,97500.0,42.0,45.56154434341789,18.645882048310458,Osječko-baranjska,Osijek,Retfala,0,1,2,1,1,2,https://www.njuskalo.hr/nekretnine/stan-42.45m2-novogradnja-liftom-retfala-osijek-oglas-41631909
316,98000.0,53.0,45.544426113306,18.719256298396,Osječko-baranjska,Osijek,Jug II,0,1,2,1,1,4,https://www.njuskalo.hr/nekretnine/stan-osijek-53.00-m2-oglas-39629169
484,98000.0,280.0,45.55911476488631,18.671850612824407,Osječko-baranjska,Osijek,Gornji grad / Centar,1,2,1,1,1,3,https://www.njuskalo.hr/nekretnine/neponovljiva-super-tavan-neuredeni-280m-oglas-7612423
36,98000.0,56.0,45.5620642,18.6693742,Osječko-baranjska,Osijek,Gornji grad / Centar,0,1,2,1,1,4,https://www.njuskalo.hr/nekretnine/osijek-prodaja-stan-56.04-m2-iv-kat-nema-lift-oglas-40132802
27,98000.0,55.0,45.55532673156138,18.70092059686089,Osječko-baranjska,Osijek,Tvrđa,0,1,2,1,1,5,https://www.njuskalo.hr/nekretnine/vim-odlicna-lokacija-5-kat-dvosoban-stan-55.55-m2-oglas-42326831
59,99000.0,125.0,45.55911476488631,18.671850612824407,Osječko-baranjska,Osijek,Gornji grad / Centar,0,2,3,1,1,2,https://www.njuskalo.hr/nekretnine/stan-osijek-centar-125-m2-top-lokacija-oglas-38685944
240,99000.0,124.0,45.55743105442456,18.673385608068045,Osječko-baranjska,Osijek,Gornji grad / Centar,0,2,3,1,1,4,https://www.njuskalo.hr/nekretnine/prodaja-stan-osijek-radica-124.57-m2-oglas-30724311
81,99000.0,125.0,45.56009,18.673845,Osječko-baranjska,Osijek,Gornji grad / Centar,0,2,3,2,1,3,https://www.njuskalo.hr/nekretnine/trosobni-stan-125-m2-potkrovlje-galerija-strogi-centar-oglas-34400103
127,99000.0,124.0,45.56120497231998,18.671487620371018,Osječko-baranjska,Osijek,Gornji grad / Centar,0,2,4,1,1,3,https://www.njuskalo.hr/nekretnine/stan-potkrovlju-galerijom-124.57m2-centar-gradsko-oglas-40395628
430,99000.0,42.0,45.564058109801,18.647156317,Osječko-baranjska,Osijek,Retfala,0,1,2,1,1,2,https://www.njuskalo.hr/nekretnine/retfala-osijek-oglas-41795712
469,99000.0,124.0,45.557129592334,18.672884049717,Osječko-baranjska,Osijek,Gornji grad / Centar,0,2,3,2,1,2,https://www.njuskalo.hr/nekretnine/stan-osijek-124.57-m2-oglas-39972778
280,99204.0,39.0,45.560856570298,18.642700537229,Osječko-baranjska,Osijek,Retfala,0,1,2,1,1,2,https://www.njuskalo.hr/nekretnine/novogradnja-dvosoban-lodom-39.46m2-parking-j-j-strossmayera-2-kat-oglas-41490125
122,99204.0,44.0,45.560451639057,18.643336112034,Osječko-baranjska,Osijek,Retfala,0,1,2,1,1,2,https://www.njuskalo.hr/nekretnine/novogradnja-dvosoban-lodom-44.15m2-parking-j-j-strossmayera-2-kat-oglas-41495626
125,99204.0,39.0,45.56007212644995,18.644750090844543,Osječko-baranjska,Osijek,Retfala,0,1,2,1,1,1,https://www.njuskalo.hr/nekretnine/novogradnja-dvosoban-lodom-39.46m2-parking-j-j-strossmayera-1-kat-oglas-41488785
205,99999.0,124.0,45.55911476488631,18.671850612824407,Osječko-baranjska,Osijek,Gornji grad / Centar,0,2,2,1,2,4,https://www.njuskalo.hr/nekretnine/stan-galerijom-siri-centar-osijeka-oglas-38600933
334,100000.0,80.0,45.5611012409827,18.670001591244034,Osječko-baranjska,Osijek,Gornji grad / Centar,1,1,3,1,1,1,https://www.njuskalo.hr/nekretnine/stan-osijek-80.00-m2-oglas-40783278
487,100000.0,41.0,45.56040720037428,18.660203922204296,Osječko-baranjska,Osijek,Gornji grad / Centar,0,1,2,1,1,5,https://www.njuskalo.hr/nekretnine/prodaju-stan-osijeku-41.87-m2-oglas-41307460
319,100000.0,50.0,45.56629,18.642197,Osječko-baranjska,Osijek,Retfala,0,2,1,2,2,0,https://www.njuskalo.hr/nekretnine/stan-novogradnja-oglas-40583033
270,100000.0,57.0,45.54719493921381,18.71855762637509,Osječko-baranjska,Osijek,Jug II,0,1,2,1,1,4,https://www.njuskalo.hr/nekretnine/osijek-jug-2-potpuno-renoviran-namjesten-opremljen-dvosoban-stan-oglas-40473681
506,100000.0,60.0,45.562313314214,18.648371351301,Osječko-baranjska,Osijek,Retfala,0,1,3,1,1,2,https://www.njuskalo.hr/nekretnine/prodaja-stan-jednoiposobni-stan-32.00-m2-sjenjak-3-kat-oglas-33308867
518,101000.0,63.0,45.49409025450687,18.09986956088696,Osječko-baranjska,Našice,Našice,0,1,3,1,1,4,https://www.njuskalo.hr/nekretnine/stan-nasice-63.00-m2-oglas-39904155
3,101000.0,58.0,45.55793,18.673897,Osječko-baranjska,Osijek,Gornji grad / Centar,0,1,2,1,1,5,https://www.njuskalo.hr/nekretnine/dvosoban-stan-58.17-m2-5-kat-gradsko-grijanje-centar-oglas-42052828
109,101000.0,58.0,45.55803185335034,18.67396781248521,Osječko-baranjska,Osijek,Gornji grad / Centar,0,1,2,1,1,5,https://www.njuskalo.hr/nekretnine/dvosoban-stan-gornjodravska-obala-oglas-42286504
479,101100.0,49.0,45.54392883186167,18.72088262047302,Osječko-baranjska,Osijek,Jug II,0,1,2,1,1,1,https://www.njuskalo.hr/nekretnine/dvosobni-stan-49.21m2-prizemlje-medulinska-ulica-osijek-oglas-41469308
42,101500.0,124.0,45.5600346,18.6826724,Osječko-baranjska,Osijek,Gornji grad / Centar,0,1,1,2,1,2,https://www.njuskalo.hr/nekretnine/osijek-prodaja-stan-124.57-m2-centar-grada-oglas-38729190
90,103068.0,49.0,45.550211680313,18.721955089604,Osječko-baranjska,Osijek,Donji grad,0,1,1,1,1,2,https://www.njuskalo.hr/nekretnine/stan-vukovarska-222-osijek-49.08-m2-novogradnja-oglas-40624777
448,104400.0,52.0,45.56481,18.62876,Osječko-baranjska,Osijek - Okolica,Višnjevac,0,1,2,1,1,2,https://www.njuskalo.hr/nekretnine/s7-dvosobni-stan-2-kat-52.19-m2-pocetak-visnjevca-oglas-41109204
373,104400.0,52.0,45.56481,18.62876,Osječko-baranjska,Osijek - Okolica,Višnjevac,0,1,2,1,1,1,https://www.njuskalo.hr/nekretnine/s3-dvosobni-stan-1-kat-52.19-m2-pocetak-visnjevca-oglas-41109200
467,105000.0,76.0,45.5480051303662,18.684152222791077,Osječko-baranjska,Osijek,Bosutsko naselje,1,1,3,1,1,1,https://www.njuskalo.hr/nekretnine/trosobni-stan-bosutsko-naselje-1-kat-oglas-39649411
491,105000.0,54.0,45.560961692468,18.672563740928,Osječko-baranjska,Osijek,Gornji grad / Centar,0,1,2,1,1,1,https://www.njuskalo.hr/nekretnine/stan-osijek-55.00-m2-oglas-32149400
176,105000.0,64.0,45.31,18.4098,Osječko-baranjska,Đakovo,Đakovo,0,1,2,1,1,2,https://www.njuskalo.hr/nekretnine/stan-dvoristem-podzemnom-garazom-dakovo-oglas-40549925
384,105000.0,106.0,45.555925336871546,18.72264309734987,Osječko-baranjska,Osijek,Donji grad,0,1,4,1,1,1,https://www.njuskalo.hr/nekretnine/stan-106-m-cetverosoban-1-kat-donji-grad-osijek-oglas-40063248
19,105000.0,57.0,45.54576264456404,18.724066209207933,Osječko-baranjska,Osijek,Jug II,0,1,2,1,1,4,https://www.njuskalo.hr/nekretnine/dvosoban-stan-57m2-jug-ii-kastelanska-ulica-oglas-42282910
470,105000.0,56.0,45.557095714718,18.655470065902,Osječko-baranjska,Osijek,Retfala,0,1,3,1,1,2,https://www.njuskalo.hr/nekretnine/dvoipolsobni-stan-57m-vij-petrove-gore-retfala-osijek-prodaja-oglas-41617228
411,105000.0,57.0,45.55911476488631,18.671850612824407,Osječko-baranjska,Osijek,Gornji grad / Centar,0,1,2,1,1,2,https://www.njuskalo.hr/nekretnine/osijek-centar-prostran-ureden-dvosoban-stan-mirnom-naselju-oglas-40473668
417,106000.0,52.0,45.55911476488631,18.671850612824407,Osječko-baranjska,Osijek,Gornji grad / Centar,0,1,2,1,1,3,https://www.njuskalo.hr/nekretnine/dvosoban-stan-samom-centru-grada-52m2-oglas-41302725
120,106045.0,44.0,45.560451639057,18.643336112034,Osječko-baranjska,Osijek,Retfala,0,1,2,1,1,3,https://www.njuskalo.hr/nekretnine/novogradnja-dvosoban-lodom-44.15m2-parking-j-j-strossmayera-3-kat-oglas-41496166
45,106750.0,61.0,45.55937194490429,18.724806122152817,Osječko-baranjska,Osijek,Donji grad,0,1,2,1,1,2,https://www.njuskalo.hr/nekretnine/stan-osijek-61.00-m2-novogradnja-oglas-41325154
61,107500.0,44.0,45.55911476488631,18.671850612824407,Osječko-baranjska,Osijek,Gornji grad / Centar,0,1,2,1,1,5,https://www.njuskalo.hr/nekretnine/stan-osijek-centar-44.75m2-5-kat-oglas-39933333
220,108000.0,61.0,45.55896126624588,18.667843454860087,Osječko-baranjska,Osijek,Gornji grad / Centar,0,1,2,1,1,0,https://www.njuskalo.hr/nekretnine/prodaja-stan-osijek-ruzina-61.22-m2-oglas-42238867
378,108300.0,57.0,45.55882,18.65857,Osječko-baranjska,Osijek,Retfala,0,1,2,1,1,1,https://www.njuskalo.hr/nekretnine/2sobni-stan-novogradnja-57-m2-1-kat-parking-retfala-oglas-39280359
156,109000.0,156.0,45.672068545183,18.417943746221,Osječko-baranjska,Valpovo,Valpovo,0,1,3,1,2,4,https://www.njuskalo.hr/nekretnine/ureden-dvosobni-stan-50-m2-7-kat-11-osijek-vijenac-murse-lift-oglas-37486313
271,109000.0,155.0,45.66361560978165,18.42190588661601,Osječko-baranjska,Valpovo,Valpovo,0,1,4,1,1,4,https://www.njuskalo.hr/nekretnine/valpovo-centar-prostran-namjesten-cetverosoban-stan-oglas-40473645
425,109000.0,155.0,45.669989244289,18.417053199601,Osječko-baranjska,Valpovo,Valpovo,0,1,3,1,1,4,https://www.njuskalo.hr/nekretnine/stan-valpovo-centar-155-m-trosoban-4-kat-oglas-39667429
342,109000.0,54.0,45.55221724865345,18.707966901923616,Osječko-baranjska,Osijek,Novi Grad,0,1,2,1,1,3,https://www.njuskalo.hr/nekretnine/stan-vijenac-ivana-cesmickog-3-kat-54m2-oglas-42110857
357,109900.0,62.0,45.558897001262665,18.696800959620987,Osječko-baranjska,Osijek,Vij. Ivana Meštrovića,0,1,2,1,1,4,https://www.njuskalo.hr/nekretnine/dvosoban-stan-vij-mestrovica-osijek-oglas-41593931
63,110000.0,115.0,45.55732061762,18.66888351472,Osječko-baranjska,Osijek,Gornji grad / Centar,1,2,5,2,1,0,https://www.njuskalo.hr/nekretnine/stan-osijek-100.00-m2-oglas-39822849
403,110000.0,110.0,45.55911476488631,18.671850612824407,Osječko-baranjska,Osijek,Gornji grad / Centar,0,1,3,1,1,1,https://www.njuskalo.hr/nekretnine/secesijski-stan-centru-osijeka-oglas-40473842
340,110000.0,67.0,45.317936,18.408995,Osječko-baranjska,Đakovo,Đakovo,0,1,3,1,1,0,https://www.njuskalo.hr/nekretnine/namjesteni-stan-centru-grada-prizemlje-prigodan-invalide-oglas-42123568
106,110000.0,110.0,45.561186671267,18.670460045544,Osječko-baranjska,Osijek,Gornji grad / Centar,0,2,3,1,1,1,https://www.njuskalo.hr/nekretnine/stan-osijek-110.00-m2-oglas-40386472
141,110000.0,110.0,45.55911476488631,18.671850612824407,Osječko-baranjska,Osijek,Gornji grad / Centar,0,2,3,1,1,1,https://www.njuskalo.hr/nekretnine/osijek-stan-centar-110-m2-oglas-41639168
369,110460.0,44.0,45.560451639057,18.643336112034,Osječko-baranjska,Osijek,Retfala,0,1,2,1,1,1,https://www.njuskalo.hr/nekretnine/novogradnja-dvosoban-lodom-44.15m2-parking-j-j-strossmayera-1-kat-oglas-41489158
392,111000.0,55.0,45.55134,18.697325,Osječko-baranjska,Osijek,Sjenjak,0,1,3,1,1,8,https://www.njuskalo.hr/nekretnine/stan-osijek-sjenjak-131-55m2-oglas-41472334
450,112000.0,46.0,45.55188,18.68959,Osječko-baranjska,Osijek,Gornji grad / Centar,0,1,3,1,1,1,https://www.njuskalo.hr/nekretnine/prodaja-stan-oglas-39813959
95,112900.0,56.0,45.55087712547,18.688656040851,Osječko-baranjska,Osijek,Industrijska četvrt,0,1,2,1,1,1,https://www.njuskalo.hr/nekretnine/noviji-dvosoban56m2-parking-12m2-1-kat-centralno-plinsko-loda-oglas-42281816
489,113000.0,49.0,45.563054227942914,18.64818635634264,Osječko-baranjska,Osijek,Retfala,0,1,3,1,1,1,https://www.njuskalo.hr/nekretnine/stan-49.34m2-1-kat-retfala-oglas-41091989
235,113000.0,99.0,45.557372686766,18.673303714064,Osječko-baranjska,Osijek,Gornji grad / Centar,1,1,3,1,1,1,https://www.njuskalo.hr/nekretnine/prodaja-stan-osijek-kersovanija-99.00-m2-oglas-36997086
181,113400.0,54.0,45.560059210802,18.644935872283,Osječko-baranjska,Osijek,Retfala,0,1,2,1,1,2,https://www.njuskalo.hr/nekretnine/stan-osijek-retfala-novogradnja-dvosobni-stan-liftom-54-m2-oglas-37923202
256,113600.0,61.0,45.561212186644,18.671403683705,Osječko-baranjska,Osijek,Gornji grad / Centar,0,1,2,1,1,2,https://www.njuskalo.hr/nekretnine/stan-osijek-57.32-m2-oglas-23292926
505,114000.0,130.0,45.558941808751,18.654189402742,Osječko-baranjska,Osijek,Retfala,0,1,5,2,1,0,https://www.njuskalo.hr/nekretnine/stan-poslovni-prostor-suterenu-osijek-vijenac-dinare-130.00-m2-oglas-39954931
313,114680.0,61.0,45.56111480878,18.647887149213,Osječko-baranjska,Osijek,Retfala,0,1,1,1,1,2,https://www.njuskalo.hr/nekretnine/osijek-novogradnja-57.34m2-oglas-37758438
210,114990.0,57.0,45.560352050529,18.668513661293,Osječko-baranjska,Osijek,Gornji grad / Centar,0,1,2,1,1,0,https://www.njuskalo.hr/nekretnine/noviji-dvosoban-57m2-dvoriste-63m2-urbanoj-vili-vukovarska-d-grad-oglas-41022269
137,115000.0,162.0,45.56297314393392,18.64209527244512,Osječko-baranjska,Osijek,Retfala,1,3,5,2,1,2,https://www.njuskalo.hr/nekretnine/stan-pola-kuce-162m2-garaza-spremiste-dvoriste-gunduliceva-ul-oglas-34926168
332,115000.0,54.0,45.55333,18.70785,Osječko-baranjska,Osijek,Novi Grad,0,1,2,1,1,3,https://www.njuskalo.hr/nekretnine/stan-54-kvadrata-vijenac-ivana-cesmickog-oglas-41701495
301,115000.0,106.0,45.55542878464847,18.72405752603819,Osječko-baranjska,Osijek,Donji grad,0,1,4,1,1,1,https://www.njuskalo.hr/nekretnine/stan-centru-donjega-grada-bana-jelacica-oglas-39835686
304,115000.0,50.0,45.55798238894716,18.64354793657984,Osječko-baranjska,Osijek,Retfala,0,1,2,1,1,4,https://www.njuskalo.hr/nekretnine/2-soban-namjesten-stan-50.00-m2-garazno-mjesto-retfala-osijek-oglas-42170647
160,115000.0,61.0,45.560800668455,18.669175931695,Osječko-baranjska,Osijek,Gornji grad / Centar,0,1,3,1,1,2,https://www.njuskalo.hr/nekretnine/stan-osijek-sjenjak-dvosobni-55.00-m2-3-kat-lift-oglas-37022811
419,115500.0,55.0,45.560059210802,18.644935872283,Osječko-baranjska,Osijek,Retfala,0,2,3,2,1,0,https://www.njuskalo.hr/nekretnine/stan-osijek-retfala-trosobni-stan-dvoristem-55-m2-novogradnja-oglas-37933200
494,117737.0,51.0,45.564334142915,18.643786147675,Osječko-baranjska,Osijek,Retfala,0,1,3,2,1,0,https://www.njuskalo.hr/nekretnine/stan-izgradnji-osijek-retfala-51.19m2-prodaja-oglas-38034727
389,118000.0,62.0,45.55911476488631,18.671850612824407,Osječko-baranjska,Osijek,Gornji grad / Centar,0,1,3,1,1,2,https://www.njuskalo.hr/nekretnine/stan-osijeku-centar-trosoban-oglas-39532704
248,118000.0,61.0,45.55911476488631,18.671850612824407,Osječko-baranjska,Osijek,Gornji grad / Centar,0,1,3,1,1,2,https://www.njuskalo.hr/nekretnine/trosoban-stan-siri-centar-osijeka-oglas-40379551
65,119000.0,120.0,45.55531837427188,18.687871065910823,Osječko-baranjska,Osijek,Gornji grad / Centar,1,2,4,1,1,1,https://www.njuskalo.hr/nekretnine/stan-osijek-stepinceva-120.00-m2-oglas-42148915
298,119900.0,65.0,45.55891731908,18.667844515136,Osječko-baranjska,Osijek,Gornji grad / Centar,0,1,2,1,1,3,https://www.njuskalo.hr/nekretnine/strogi-centar-66m2-dvosoban-zupanijska-gradsko-centralno-oglas-14735806
228,120000.0,162.0,45.56087190060239,18.67278316857677,Osječko-baranjska,Osijek,Gornji grad / Centar,1,3,5,2,1,2,https://www.njuskalo.hr/nekretnine/prodaja-stan-osijek-gunduliceva-162.00-m2-oglas-40828215
453,120000.0,84.0,45.55911476488631,18.671850612824407,Osječko-baranjska,Osijek,Gornji grad / Centar,0,1,2,1,1,0,https://www.njuskalo.hr/nekretnine/osijek-centar-oglas-39308711
73,120000.0,68.0,45.560720339211,18.669026335093,Osječko-baranjska,Osijek,Gornji grad / Centar,0,1,3,1,1,4,https://www.njuskalo.hr/nekretnine/trosobni-stan-68-m2-strogi-centar-grada-oglas-41535941
398,120000.0,60.0,45.55911476488631,18.671850612824407,Osječko-baranjska,Osijek,Gornji grad / Centar,0,1,2,1,1,1,https://www.njuskalo.hr/nekretnine/osijek-centar-dvosoban-stan-renoviranje-odlicnoj-lokaciji-oglas-40795313
62,120600.0,67.0,45.56526,18.639524,Osječko-baranjska,Osijek,Retfala,0,1,2,1,1,2,https://www.njuskalo.hr/nekretnine/visnjevac-dvosobni-trosobni-stanovi-izgradnji-1.600-m2-oglas-39395178
473,122418.0,68.0,45.510952094108,18.562632050489,Osječko-baranjska,Čepin,Čepin,0,1,2,1,1,1,https://www.njuskalo.hr/nekretnine/prodaja-stanova-cepinu-oglas-41592186
110,123000.0,81.0,45.54814254046634,18.71927735653318,Osječko-baranjska,Osijek,Jug II,0,1,3,2,1,4,https://www.njuskalo.hr/nekretnine/trosoban-stan-jug-ii-oglas-40352599
293,124000.0,83.0,45.54533433861732,18.72133915983912,Osječko-baranjska,Osijek,Jug II,0,1,3,2,1,3,https://www.njuskalo.hr/nekretnine/osijek-jug-2-trosoban-stan-83.11-m2-adaptiran-kupaonica-oglas-41061872
346,124240.0,62.0,45.55678197010364,18.67174787657117,Osječko-baranjska,Osijek,Gornji grad / Centar,0,1,2,1,1,2,https://www.njuskalo.hr/nekretnine/visokokvalitetan-cetverosoban-74m2-3-kat-dizalo-parking-centar-oglas-40774670
493,125000.0,73.0,45.55678116062855,18.65229070186615,Osječko-baranjska,Osijek,Retfala,0,1,3,1,1,1,https://www.njuskalo.hr/nekretnine/stan-osijek-73.00-m2-oglas-41157713
283,125000.0,51.0,45.559097855845,18.726027000373,Osječko-baranjska,Osijek,Donji grad,0,1,2,1,1,1,https://www.njuskalo.hr/nekretnine/donji-grad-centar-dvosobni-stan-1-kat-lift-izvrsna-lokacija-oglas-42151801
329,125000.0,75.0,45.555483141174,18.67207561047,Osječko-baranjska,Osijek,Gornji grad / Centar,0,1,3,2,2,1,https://www.njuskalo.hr/nekretnine/stan-osijek-75.00-m2-oglas-34902799
289,125000.0,59.0,45.55218666258,18.707760891402,Osječko-baranjska,Osijek,Novi Grad,0,1,2,1,1,3,https://www.njuskalo.hr/nekretnine/stan-osijek-59-m2-3kat-5-novija-gradnja-lift-zamjena-kucu-oglas-36076226
335,125900.0,102.0,45.314395570861,18.412729356452,Osječko-baranjska,Đakovo,Đakovo,1,1,2,2,2,0,https://www.njuskalo.hr/nekretnine/centar-dvosobni-dvorisni-73.53-lokal-28.50m2-plin-terasa-adaptiran-oglas-39769581
247,125900.0,75.0,45.555925336871546,18.72264309734987,Osječko-baranjska,Osijek,Donji grad,0,1,3,1,1,0,https://www.njuskalo.hr/nekretnine/trosoban-stan-donji-grad-osijek-oglas-40977710
519,126000.0,62.0,45.550000615118,18.637607962955,Osječko-baranjska,Osijek,Retfala,0,1,3,1,1,0,https://www.njuskalo.hr/nekretnine/novogradnja-osijek-stanovi-62.84m2-91.21m2-oglas-39854791
14,126000.0,75.0,45.551181213622,18.741702319754,Osječko-baranjska,Osijek,Zeleno polje,0,1,3,1,1,1,https://www.njuskalo.hr/nekretnine/stan-osijek-75.00-m2-novogradnja-oglas-41913493
169,126000.0,50.0,45.55911476488631,18.671850612824407,Osječko-baranjska,Osijek,Gornji grad / Centar,0,1,3,1,1,0,https://www.njuskalo.hr/nekretnine/trosoban-stan-dvoristem-parkingom-siri-centar-osijeka-oglas-41103597
330,127000.0,62.0,45.56142735903723,18.67301344871521,Osječko-baranjska,Osijek,Gornji grad / Centar,0,1,2,1,1,2,https://www.njuskalo.hr/nekretnine/stan-centar-osijeka-62.00-m2-potkrovlja-oglas-41352720
285,128000.0,46.0,45.546887286931714,18.703806227522936,Osječko-baranjska,Osijek,Vatrogasno naselje,0,1,2,1,1,1,https://www.njuskalo.hr/nekretnine/top-lokacija-dizajnerski-opremljen-gotovo-stan-oglas-42195305
30,129000.0,70.0,45.562453071863,18.645013128109,Osječko-baranjska,Osijek,Retfala,0,1,2,1,1,1,https://www.njuskalo.hr/nekretnine/retfala-stan-stambeno-poslovnoj-zgradi-70-m2-oglas-42145912
117,129900.0,61.0,45.55768052604417,18.72677999355665,Osječko-baranjska,Osijek,Donji grad,0,1,3,1,1,3,https://www.njuskalo.hr/nekretnine/donji-grad-trosoban-stan-3-kat-gradsko-grijanje-oglas-41671311
8,130000.0,65.0,45.552197,18.724545,Osječko-baranjska,Osijek,Donji grad,0,1,2,1,1,3,https://www.njuskalo.hr/nekretnine/prodaja-stan-osijek-vukovarska-103-oglas-40690998
74,130000.0,72.0,45.55897722,18.671054435,Osječko-baranjska,Osijek,Gornji grad / Centar,0,1,3,1,1,1,https://www.njuskalo.hr/nekretnine/trosoban-komforan-stan-osijek-72.50-m2-visoko-prizemlje-oglas-41988355
35,130000.0,67.0,45.549329424291,18.692746773545,Osječko-baranjska,Osijek,Sjenjak,0,1,3,1,1,0,https://www.njuskalo.hr/nekretnine/stan-osijek-sjenjaku-67.28-m2-prizemlju-visestambene-zgrade-oglas-42129367
56,130000.0,55.0,45.55911476488631,18.671850612824407,Osječko-baranjska,Osijek,Gornji grad / Centar,0,1,4,2,1,0,https://www.njuskalo.hr/nekretnine/stan-osijek-siri-centar-luksuzan-cetverosoban-spa-zona-prizemlje-oglas-36552268
91,130578.0,62.0,45.550211680313,18.721955089604,Osječko-baranjska,Osijek,Donji grad,0,1,2,1,1,2,https://www.njuskalo.hr/nekretnine/stan-vukovarska-222-osijek-60.19-m2-novogradnja-oglas-40624726
203,132000.0,60.0,45.561345068935,18.648065960987,Osječko-baranjska,Osijek,Retfala,0,1,3,1,1,1,https://www.njuskalo.hr/nekretnine/trosoban-stan-retfala-novogradnja-oglas-41939092
34,132000.0,66.0,45.551929324919,18.706671531531,Osječko-baranjska,Osijek,Novi Grad,0,1,2,1,1,1,https://www.njuskalo.hr/nekretnine/stan-osijek-68.21-m2-1-kat-novogradnja-oglas-40964107
2,132000.0,67.0,45.5539,18.718178,Osječko-baranjska,Osijek,Donji grad,0,1,2,1,1,4,https://www.njuskalo.hr/nekretnine/dvosoban-renoviran-namjesten-stan-67m2-centar-donjeg-grada-oglas-41696039
152,133000.0,65.0,45.555925336871546,18.72264309734987,Osječko-baranjska,Osijek,Donji grad,0,1,3,1,1,3,https://www.njuskalo.hr/nekretnine/osijek-3s-stan-donji-grad-oglas-41639169
38,133000.0,74.0,45.561187767955,18.670468422362,Osječko-baranjska,Osijek,Gornji grad / Centar,0,1,3,1,1,1,https://www.njuskalo.hr/nekretnine/prodaja-stan-osijek-l-jagera-74.19-m2-oglas-42064023
513,134200.0,61.0,45.561212293602,18.670706585354,Osječko-baranjska,Osijek,Gornji grad / Centar,0,1,2,1,1,4,https://www.njuskalo.hr/nekretnine/dvosoban-stan-61.39m2-gornji-grad-oglas-36545363
47,134750.0,77.0,45.55912120995053,18.72161507606506,Osječko-baranjska,Osijek,Donji grad,0,1,3,1,1,2,https://www.njuskalo.hr/nekretnine/stan-osijek-77.00-m2-novogradnja-oglas-41228452
48,134750.0,77.0,45.55727605347136,18.72040326307772,Osječko-baranjska,Osijek,Donji grad,0,3,3,1,1,3,https://www.njuskalo.hr/nekretnine/stan-osijek-77.00-m2-novogradnja-oglas-41126315
139,135000.0,73.0,45.562348206545,18.645489150221,Osječko-baranjska,Osijek,Retfala,0,1,2,1,1,1,https://www.njuskalo.hr/nekretnine/retfala-osijek-stan-stambeno-poslovnoj-zgradi-73-m2-oglas-42145908
291,135000.0,60.0,45.560769764498616,18.652016744317223,Osječko-baranjska,Osijek,Retfala,0,1,3,1,1,0,https://www.njuskalo.hr/nekretnine/retfala-trosoban-stan-prizemlje-terasa-dvoriste-parking-oglas-41328049
434,137000.0,81.0,45.56008948372,18.645730612442,Osječko-baranjska,Osijek,Retfala,0,1,3,2,2,0,https://www.njuskalo.hr/nekretnine/stan-osijek-81.00-m2-oglas-41763834
308,137204.0,57.0,45.5644438958149,18.6461364933594,Osječko-baranjska,Osijek,Retfala,0,1,3,2,2,0,https://www.njuskalo.hr/nekretnine/luksuzni-trosobni-58m2-vrt-50m2-solar-dizalice-topline-parking-oglas-40115870
295,137204.0,57.0,45.562866598897,18.648268513105,Osječko-baranjska,Osijek,Retfala,0,1,3,1,1,0,https://www.njuskalo.hr/nekretnine/ekskluzivna-novogradnja-3-sobni-58m2-peterosobni-102m2-retfala-oglas-39799710
272,137853.0,81.0,45.3074629,18.4166481,Osječko-baranjska,Đakovo,Đakovo,0,1,3,1,1,1,https://www.njuskalo.hr/nekretnine/trosoban-stan-dakovo-centar-81.09-m2-gpm-oglas-40001156
309,138000.0,75.0,45.558222125578645,18.67407896239066,Osječko-baranjska,Osijek,Gornji grad / Centar,0,1,3,1,1,2,https://www.njuskalo.hr/nekretnine/centar-trosoban-76m2-2-kat-kompletno-adaptiran-2023-c-plinsko-oglas-42167190
399,139000.0,73.0,45.53985297620453,18.703521230790724,Osječko-baranjska,Osijek,Uske njive,0,1,3,2,1,3,https://www.njuskalo.hr/nekretnine/osijek-uske-njive-prostran-ureden-trosoban-stan-velikom-terasom-oglas-40990740
222,139000.0,102.0,45.546274104822,18.705807859097,Osječko-baranjska,Osijek,Jug I,0,2,5,1,1,4,https://www.njuskalo.hr/nekretnine/prodaja-stan-osijek-bracka-102.75-m2-oglas-40503603
447,139200.0,69.0,45.56481,18.62876,Osječko-baranjska,Osijek - Okolica,Višnjevac,0,1,3,1,2,0,https://www.njuskalo.hr/nekretnine/s2-trosobni-stan-prizemlje-69.59-m2-pocetak-visnjevca-oglas-41109199
442,139400.0,69.0,45.56481,18.62876,Osječko-baranjska,Osijek - Okolica,Višnjevac,0,1,3,1,2,2,https://www.njuskalo.hr/nekretnine/s10-trosobni-stan-drugi-kat-69.68-m2-pocetak-visnjevca-oglas-41109207
445,139400.0,69.0,45.56481,18.62876,Osječko-baranjska,Osijek - Okolica,Višnjevac,0,1,3,1,2,1,https://www.njuskalo.hr/nekretnine/s6-trosobni-stan-prvi-kat-69.68-m2-pocetak-visnjevca-oglas-41109203
386,140000.0,48.0,45.561066794739,18.671028614044,Osječko-baranjska,Osijek,Gornji grad / Centar,0,1,2,1,1,1,https://www.njuskalo.hr/nekretnine/stan-osijek-48.00-m2-novogradnja-oglas-42007625
80,140000.0,80.0,45.557398745512,18.720378572108,Osječko-baranjska,Osijek,Donji grad,0,2,3,2,1,3,https://www.njuskalo.hr/nekretnine/trosobni-dvoetazni-stan-80-m2-adaptiran-donji-gra-oglas-39658043
390,140000.0,79.0,45.555925336871546,18.72264309734987,Osječko-baranjska,Osijek,Donji grad,0,2,3,1,1,3,https://www.njuskalo.hr/nekretnine/osijek-donji-grad-oglas-39224221
104,140000.0,57.0,45.551107531159,18.693400132563,Osječko-baranjska,Osijek,Sjenjak,0,1,3,1,1,4,https://www.njuskalo.hr/nekretnine/stan-osijek-59.00-m2-oglas-40307125
82,143000.0,65.0,45.561212293602,18.670706585354,Osječko-baranjska,Osijek,Gornji grad / Centar,0,1,2,2,1,1,https://www.njuskalo.hr/nekretnine/dvosoban-stan-1-kat-65.97m2-novogradnja-gornji-grad-oglas-38537195
150,145000.0,50.0,45.55911476488631,18.671850612824407,Osječko-baranjska,Osijek,Gornji grad / Centar,0,1,2,1,1,4,https://www.njuskalo.hr/nekretnine/osijek-centar-stan-50m2-oglas-41684903
149,145000.0,62.0,45.549847668377,18.696820303107,Osječko-baranjska,Osijek,Sjenjak,0,1,3,1,1,3,https://www.njuskalo.hr/nekretnine/stan-osijek-62m2-sjenjak-oglas-42013191
333,145000.0,70.0,45.54114367047305,18.698143931420447,Osječko-baranjska,Osijek,Uske njive,0,2,4,2,1,3,https://www.njuskalo.hr/nekretnine/osijek-70.00m2-uske-njive-prodaja-oglas-42123578
208,145000.0,76.0,45.55934,18.677608,Osječko-baranjska,Osijek,Gornji grad / Centar,0,1,3,1,1,4,https://www.njuskalo.hr/nekretnine/trosobni-stan-centru-osijeka-oglas-40773355
187,147730.0,60.0,45.550586883979,18.709952831268,Osječko-baranjska,Osijek,Novi Grad,0,3,3,1,1,2,https://www.njuskalo.hr/nekretnine/prodaja-stanova-osijek-novogradnja-vrhunska-kvaliteta-oglas-40095505
495,148000.0,62.0,45.562135495228766,18.66407662411123,Osječko-baranjska,Osijek,Gornji grad / Centar,0,1,2,1,1,1,https://www.njuskalo.hr/nekretnine/stan-osijek-62.00-m2-novogradnja-oglas-41176973
265,149000.0,90.0,45.55803195352914,18.67563128471375,Osječko-baranjska,Osijek,Gornji grad / Centar,0,2,2,1,1,1,https://www.njuskalo.hr/nekretnine/stan-osijek-centar-90.00-m2-oglas-41245818
241,149000.0,57.0,45.551848478025214,18.654626145933744,Osječko-baranjska,Osijek,Retfala,0,1,2,1,1,3,https://www.njuskalo.hr/nekretnine/stan-57-m2-oglas-42165940
186,149999.0,105.0,45.55911476488631,18.671850612824407,Osječko-baranjska,Osijek,Gornji grad / Centar,0,2,3,2,2,0,https://www.njuskalo.hr/nekretnine/trosoban-stan-siri-centar-osijeka-oglas-41409751
243,150000.0,60.0,45.622110808682,18.632010604894,Osječko-baranjska,Darda,Darda,0,1,2,1,1,2,https://www.njuskalo.hr/nekretnine/beli-manastir-darda-oglas-42229302
520,150000.0,105.0,45.550766845825,18.692445229454,Osječko-baranjska,Osijek,Industrijska četvrt,1,3,5,2,2,1,https://www.njuskalo.hr/nekretnine/prodaja-osijek-stan-105m2-namjesten-centar-oglas-37563779
527,150000.0,124.0,45.56290726251444,18.67801628791516,Osječko-baranjska,Osijek,Gornji grad / Centar,0,1,3,2,1,2,https://www.njuskalo.hr/nekretnine/stan-124m2-kapucinska-ulica-oglas-34402200
374,150000.0,89.0,45.56452,18.65415,Osječko-baranjska,Osijek,Retfala,0,1,3,1,2,4,https://www.njuskalo.hr/nekretnine/troipolsobni-stan-novija-gradnja-89-m2-strossmayerova-kod-zutog-oglas-40996151
427,150150.0,77.0,45.564927717156,18.645075559616,Osječko-baranjska,Osijek,Retfala,0,1,4,1,1,1,https://www.njuskalo.hr/nekretnine/stan-osijek-77.65-m2-novogradnja-4-soban-oglas-38816133
273,150331.0,88.0,45.3074629,18.4166481,Osječko-baranjska,Đakovo,Đakovo,0,1,3,1,1,1,https://www.njuskalo.hr/nekretnine/trosoban-stan-dakovo-centar-88.43-m2-gpm-oglas-40001154
118,150502.0,64.0,45.563758231686016,18.642713446273525,Osječko-baranjska,Osijek,Retfala,0,2,3,1,1,0,https://www.njuskalo.hr/nekretnine/novogradnja-3-soban-64.89m2-vrt-20m2-parking-j-j-strossmayera-oglas-41496703
523,150750.0,69.0,45.56357062895641,18.64250888652278,Osječko-baranjska,Osijek,Retfala,0,1,3,1,1,1,https://www.njuskalo.hr/nekretnine/stanovi-izgradnji-osijek-retfala-oglas-39161400
72,151800.0,69.0,45.561212293602,18.670706585354,Osječko-baranjska,Osijek,Gornji grad / Centar,0,1,2,1,1,3,https://www.njuskalo.hr/nekretnine/dvosoban-stan-3-kat-novogradnja-gornji-grad-oglas-39007277
461,152000.0,118.0,45.55911476488631,18.671850612824407,Osječko-baranjska,Osijek,Gornji grad / Centar,0,1,5,5,2,2,https://www.njuskalo.hr/nekretnine/stan-centar-osijeka-118-m-6-soba-2-kat-idealno-iznajmljivanje-oglas-39849231
402,152000.0,118.0,45.55911476488631,18.671850612824407,Osječko-baranjska,Osijek,Gornji grad / Centar,0,1,5,5,1,2,https://www.njuskalo.hr/nekretnine/osijek-centar-novouredeni-stan-pet-zasebnih-apartmana-oglas-40491030
134,152478.0,91.0,45.306421354454,18.408622741699,Osječko-baranjska,Đakovo,Đakovo,0,1,3,1,1,2,https://www.njuskalo.hr/nekretnine/stan-dakovo-85.00-m2-novogradnja-oglas-39832212
449,152800.0,76.0,45.56481,18.62876,Osječko-baranjska,Osijek - Okolica,Višnjevac,0,1,3,1,2,0,https://www.njuskalo.hr/nekretnine/s1-trosobni-stan-vrtom-prizemlje-76.41-m2-pocetak-visnjevca-oglas-41109198
320,153000.0,101.0,45.310953148454175,18.425842885613445,Osječko-baranjska,Đakovo,Đakovo,0,1,3,2,1,3,https://www.njuskalo.hr/nekretnine/stan-atraktivnoj-lokaciji-centru-grada-101.85-m2-novogradnja-oglas-41070430
306,154192.0,66.0,45.560451639057,18.643336112034,Osječko-baranjska,Osijek,Retfala,0,2,3,1,1,0,https://www.njuskalo.hr/nekretnine/novogradnja-3-soban-64.89m2-vrt-20m2-parking-j-j-strossmayera-oglas-41496865
367,155000.0,78.0,45.55911476488631,18.671850612824407,Osječko-baranjska,Osijek,Gornji grad / Centar,0,1,3,1,1,3,https://www.njuskalo.hr/nekretnine/trosoban-stan-naselju-vl-nazora-osijek-oglas-41296089
462,155000.0,61.0,45.55911476488631,18.671850612824407,Osječko-baranjska,Osijek,Gornji grad / Centar,0,1,2,1,1,0,https://www.njuskalo.hr/nekretnine/stan-dvosoban-62-m-prizemlje-centar-osijeka-oglas-39948720
242,155000.0,86.0,45.313606866384,18.416295192051,Osječko-baranjska,Đakovo,Đakovo,0,1,3,2,1,2,https://www.njuskalo.hr/nekretnine/stan-dakovo-86.00-m2-novogradnja-oglas-42232089
410,155533.0,91.0,45.56154434341789,18.645882048310458,Osječko-baranjska,Osijek,Retfala,1,1,4,1,1,2,https://www.njuskalo.hr/nekretnine/reftala-novogradnja-odlican-cetvorosoban-penthouse-urbanoj-vili-oglas-40473779
459,159000.0,64.0,45.55221724865345,18.707966901923616,Osječko-baranjska,Osijek,Novi Grad,0,1,4,1,1,2,https://www.njuskalo.hr/nekretnine/osijek-grad-oglas-39408362
175,159000.0,112.0,45.31,18.4098,Osječko-baranjska,Đakovo,Đakovo,0,1,2,1,1,2,https://www.njuskalo.hr/nekretnine/stan-stambeno-poslovnoj-zgradi-dakovu-drugi-kat-lift-oglas-40071276
317,159000.0,135.0,45.55863336606403,18.667881159508788,Osječko-baranjska,Osijek,Gornji grad / Centar,0,1,5,1,1,2,https://www.njuskalo.hr/nekretnine/uzi-centar-sesterosoban-135m2-stambenu-poslovnu-namjenu-2-kat-oglas-40470598
188,159269.0,75.0,45.550586883979,18.709952831268,Osječko-baranjska,Osijek,Novi Grad,0,1,3,1,1,2,https://www.njuskalo.hr/nekretnine/stan-osijek-novogradnja-trosobni-stan-balkonom-75-m2-oglas-41373426
311,160000.0,89.0,45.557155427465,18.669172718222,Osječko-baranjska,Osijek,Gornji grad / Centar,0,1,3,2,1,1,https://www.njuskalo.hr/nekretnine/trosobni-stan-89.00-m2-1-kat-centar-grada-oglas-41643098
426,160000.0,89.0,45.56121774149688,18.671321384225067,Osječko-baranjska,Osijek,Gornji grad / Centar,0,1,3,1,1,1,https://www.njuskalo.hr/nekretnine/stan-89m2-garaza-17m2-podrum-25-m2-ureden-stanovanje-oglas-41613676
135,160000.0,112.0,45.563677177913,18.642619571853,Osječko-baranjska,Osijek,Retfala,0,1,4,2,1,2,https://www.njuskalo.hr/nekretnine/stan-osijek-33.00-m2-oglas-41618172
100,160000.0,74.0,45.560670966801,18.647370292382,Osječko-baranjska,Osijek,Retfala,0,1,3,1,1,0,https://www.njuskalo.hr/nekretnine/trosoban-stan-dvoriste-novogradnja-retfala-oglas-42151246
144,160055.0,91.0,45.562311016273,18.645166373901,Osječko-baranjska,Osijek,Retfala,0,1,4,1,1,2,https://www.njuskalo.hr/nekretnine/retfala-novogradnja-2-kat-oglas-41386803
154,160055.0,91.0,45.561321140263,18.645309303131,Osječko-baranjska,Osijek,Retfala,0,1,4,1,1,1,https://www.njuskalo.hr/nekretnine/retfala-novogradnja-1-kat-oglas-41386804
229,161000.0,91.0,45.560058422012,18.645367689815,Osječko-baranjska,Osijek,Retfala,0,1,4,2,1,2,https://www.njuskalo.hr/nekretnine/prodaja-stan-osijek-vij-dinare-91.49-m2-oglas-40348923
68,161200.0,80.0,45.55759645233,18.673588570633,Osječko-baranjska,Osijek,Gornji grad / Centar,0,1,4,2,1,2,https://www.njuskalo.hr/nekretnine/stan-osijek-80.00-m2-centar-ilirska-mala-novogradnja-oglas-38918796
10,161700.0,92.0,45.55728405822768,18.648476895700327,Osječko-baranjska,Osijek,Retfala,0,1,4,2,2,1,https://www.njuskalo.hr/nekretnine/stan-osijek-92.40-m2-novogradnja-oglas-40701872
191,162000.0,80.0,45.554125480992,18.727172613144,Osječko-baranjska,Osijek,Donji grad,0,1,3,1,1,2,https://www.njuskalo.hr/nekretnine/trosobni-stan-donjem-gradu-top-lokacija-oglas-42109174
356,162000.0,85.0,45.54965684812311,18.68254042817668,Osječko-baranjska,Osijek,Bosutsko naselje,0,2,3,1,1,3,https://www.njuskalo.hr/nekretnine/prodaje-se-dvoetazni-stan-85.04m2-osijeku-murska-ulica-oglas-41148663
245,164000.0,176.0,45.55911476488631,18.671850612824407,Osječko-baranjska,Osijek,Gornji grad / Centar,0,1,4,1,1,2,https://www.njuskalo.hr/nekretnine/cetverosoban-stan-secesijskoj-zgradi-europske-avenije-osijek-oglas-41356663
261,164000.0,87.0,45.564000064096,18.647264931958,Osječko-baranjska,Osijek,Retfala,0,1,4,2,2,0,https://www.njuskalo.hr/nekretnine/luksuzni-4-sobni-87m2-91m2-atraktivna-lokacija-retfala-dvoriste-oglas-36978167
138,164000.0,176.0,45.561212293602,18.670706585354,Osječko-baranjska,Osijek,Gornji grad / Centar,0,1,4,1,1,2,https://www.njuskalo.hr/nekretnine/cetverosobni-stan-europska-avenija-oglas-29711216
302,164000.0,176.0,45.55912234316571,18.674258804273222,Osječko-baranjska,Osijek,Gornji grad / Centar,0,1,4,1,1,2,https://www.njuskalo.hr/nekretnine/cetverosobni-stan-europska-avenija-oglas-30254967
303,164000.0,176.0,45.55801048714438,18.66815539515289,Osječko-baranjska,Osijek,Gornji grad / Centar,0,1,4,1,1,2,https://www.njuskalo.hr/nekretnine/cetverosobni-stan-centru-176m2-europska-avenija-oglas-41938178
83,164465.0,93.0,45.508316708501,18.598346397159,Osječko-baranjska,Osijek - Okolica,Briješće,0,1,4,1,1,1,https://www.njuskalo.hr/nekretnine/cetverosobni-stan-brijesce-duga-ulica-oglas-41569683
282,164674.0,85.0,45.560813515697134,18.67290723447469,Osječko-baranjska,Osijek,Gornji grad / Centar,0,2,4,2,2,0,https://www.njuskalo.hr/nekretnine/luksuzni-4-sobni-dvoetazni86m2-vrt-37m2-grijanje-hladenje-diz-topline-oglas-37859875
360,164674.0,85.0,45.557134752975,18.672894634293,Osječko-baranjska,Osijek,Gornji grad / Centar,0,2,4,2,2,0,https://www.njuskalo.hr/nekretnine/novogradnja-luksuzni-4-sobni-dvoetazni-grijnaje-hladenje-diz-topline-oglas-37859733
292,165000.0,81.0,45.564197174353,18.643432352598,Osječko-baranjska,Osijek,Retfala,0,1,3,1,1,0,https://www.njuskalo.hr/nekretnine/osijek-retfala-atraktivna-lokacija-prodaja-stanova-mali-hollywood-oglas-39843946
325,165000.0,108.0,45.560272221597,18.668429501912,Osječko-baranjska,Osijek,Gornji grad / Centar,0,1,3,1,1,1,https://www.njuskalo.hr/nekretnine/stan-centru-grada-108.72m2-125.000-eura-oglas-36855475
54,165000.0,75.0,45.561212293602,18.670706585354,Osječko-baranjska,Osijek,Gornji grad / Centar,0,1,2,2,1,1,https://www.njuskalo.hr/nekretnine/dvosoban-stan-75.20m2-gornji-grad-oglas-40319620
299,165000.0,150.0,45.556970525634,18.68031799241,Osječko-baranjska,Osijek,Gornji grad / Centar,1,2,4,3,1,2,https://www.njuskalo.hr/nekretnine/dvorisni-stan-120m2-gunduliceva-12a-garaza-dvoriste-oglas-37042513
516,165000.0,94.0,45.560337,18.647854,Osječko-baranjska,Osijek,Retfala,0,1,4,1,1,2,https://www.njuskalo.hr/nekretnine/stanovi-urbanoj-vili-novogradnja-89m2-retfala-oglas-36272938
279,166000.0,70.0,45.557985878002,18.668172397652,Osječko-baranjska,Osijek,Gornji grad / Centar,0,2,3,1,1,0,https://www.njuskalo.hr/nekretnine/stan-osijek-70.00-m2-novogradnja-oglas-42198596
12,167500.0,101.0,45.56265175803,18.643820285797,Osječko-baranjska,Osijek,Retfala,0,1,3,1,1,0,https://www.njuskalo.hr/nekretnine/stanovi-osijek-83.00-m2-104-m2-novogradnja-useljenje-2024-oglas-41086378
96,168900.0,63.0,45.56122350982315,18.6711903282488,Osječko-baranjska,Osijek,Gornji grad / Centar,0,1,4,1,1,0,https://www.njuskalo.hr/nekretnine/ilirska-luksuzni-4-sobni-64m2-dvoriste-50m2-prizemlje-parking-oglas-42256824
97,168900.0,63.0,45.56121541191036,18.67135864720993,Osječko-baranjska,Osijek,Gornji grad / Centar,0,1,4,1,1,0,https://www.njuskalo.hr/nekretnine/ilirska-luksuzni-4-sobni-64m2-dvoriste-prvi-kat-4-sobni-83m2-oglas-42199003
69,169260.0,80.0,45.55759645233,18.673588570633,Osječko-baranjska,Osijek,Gornji grad / Centar,0,1,4,2,1,1,https://www.njuskalo.hr/nekretnine/stan-osijek-80.60-m2-centar-novogradnja-oglas-38918658
424,169650.0,87.0,45.564927717156,18.645075559616,Osječko-baranjska,Osijek,Retfala,0,2,3,2,1,0,https://www.njuskalo.hr/nekretnine/stan-osijek-87.62-m2-novogradnja-3.5-soban-dvoetazni-vrt-oglas-38815522
284,170000.0,75.0,45.556809213428735,18.67190491844527,Osječko-baranjska,Osijek,Gornji grad / Centar,0,1,3,2,1,1,https://www.njuskalo.hr/nekretnine/stan-osijek-trosobni-siri-centar-75-m2-novogradnja-oglas-42195340
11,170000.0,104.0,45.56265175803,18.643820285797,Osječko-baranjska,Osijek,Retfala,0,1,5,1,1,1,https://www.njuskalo.hr/nekretnine/stan-osijek-peterosobni-104.00-m2-novogradnja-oglas-41626363
167,173000.0,78.0,45.55911476488631,18.671850612824407,Osječko-baranjska,Osijek,Gornji grad / Centar,0,1,4,1,2,1,https://www.njuskalo.hr/nekretnine/cetverosoban-stan-parkingom-siri-centar-osijeka-oglas-41103599
170,174000.0,74.0,45.55911476488631,18.671850612824407,Osječko-baranjska,Osijek,Gornji grad / Centar,0,1,4,1,2,0,https://www.njuskalo.hr/nekretnine/cetverosoban-stan-dvoristem-parkingom-siri-centar-osijeka-oglas-41097175
337,174999.0,77.0,45.56154434341789,18.645882048310458,Osječko-baranjska,Osijek,Retfala,0,1,3,1,1,0,https://www.njuskalo.hr/nekretnine/trosoban-stan-prizemlju-retfala-osijek-oglas-39771278
237,175000.0,109.0,45.56115400800987,18.671857895939045,Osječko-baranjska,Osijek,Gornji grad / Centar,0,1,4,1,1,3,https://www.njuskalo.hr/nekretnine/prodaja-stan-osijek-radica-109.53-m2-oglas-40832770
451,175000.0,100.0,45.563035569522,18.646378313642,Osječko-baranjska,Osijek,Retfala,0,1,3,1,1,2,https://www.njuskalo.hr/nekretnine/stan-100-m2-cetverosobni-2-kat-retfala-osijek-novogradnja-oglas-39979289
502,175000.0,109.0,45.55705741923936,18.66938324698736,Osječko-baranjska,Osijek,Gornji grad / Centar,0,1,4,1,1,2,https://www.njuskalo.hr/nekretnine/prodaje-se-stan-osijeku-ulici-stjepana-radica-109.53m2-oglas-40673194
168,178000.0,81.0,45.55911476488631,18.671850612824407,Osječko-baranjska,Osijek,Gornji grad / Centar,0,1,4,1,2,1,https://www.njuskalo.hr/nekretnine/cetverosoban-stan-parkingom-siri-centar-osijeka-oglas-41103598
294,178200.0,81.0,45.561345068935,18.648065960987,Osječko-baranjska,Osijek,Retfala,0,2,3,2,1,2,https://www.njuskalo.hr/nekretnine/trosoban-stan-retfala-novogradnja-oglas-41939188
508,178223.0,101.0,45.309368802944,18.416915944729,Osječko-baranjska,Đakovo,Đakovo,0,1,4,2,1,1,https://www.njuskalo.hr/nekretnine/prodaje-se-stan-dakovu-novogradnja-101.64m2-oglas-39160855
376,178600.0,94.0,45.55882,18.65857,Osječko-baranjska,Osijek,Retfala,0,1,4,1,2,2,https://www.njuskalo.hr/nekretnine/4sobni-stan-novogradnja-94-m2-parking-1-kat-retfala-oglas-39280357
524,179000.0,272.0,45.56041479921397,18.692098830912133,Osječko-baranjska,Osijek,Tvrđa,1,2,3,1,1,1,https://www.njuskalo.hr/nekretnine/trosoban-stan-potkrovljem-tvrda-oglas-31633171
250,179322.0,108.0,45.562131544461,18.649766202411,Osječko-baranjska,Osijek,Retfala,0,1,4,1,1,1,https://www.njuskalo.hr/nekretnine/stan-osijek-retfala-108.00-m2-cetverosobni-novogradnja-oglas-39531637
275,179830.0,94.0,45.557134752975,18.672894634293,Osječko-baranjska,Osijek,Gornji grad / Centar,0,1,4,1,2,0,https://www.njuskalo.hr/nekretnine/luksuzni-stanovi-novogradnji-grijanje-hladenje-dizalica-topline-oglas-37438257
381,179830.0,94.0,45.56116470188861,18.67031258155076,Osječko-baranjska,Osijek,Gornji grad / Centar,0,1,4,2,2,0,https://www.njuskalo.hr/nekretnine/4-sobni-94m2-vrt-60m-prizemlje-grijanje-hlad-dizalica-topline-oglas-37667130
200,180823.0,109.0,45.56213154446107,18.649766202411467,Osječko-baranjska,Osijek,Retfala,0,1,4,1,1,2,https://www.njuskalo.hr/nekretnine/stan-osijek-retfala-109.00-m2-cetverosobni-novogradnja-oglas-39531727
515,182000.0,118.0,45.56099802319,18.672461977145,Osječko-baranjska,Osijek,Gornji grad / Centar,0,1,3,1,1,3,https://www.njuskalo.hr/nekretnine/prodaje-se-stan-trgu-a-starcevica-118.86m2-oglas-40299535
202,182000.0,93.0,45.564197174353,18.643432352598,Osječko-baranjska,Osijek,Retfala,0,1,3,1,1,2,https://www.njuskalo.hr/nekretnine/retfala-stanovi-urbana-vila-garaza-ostava-dvoriste-novogradnja-oglas-41405061
31,182153.0,99.0,45.561984826991,18.644785757423,Osječko-baranjska,Osijek,Retfala,0,1,3,1,1,2,https://www.njuskalo.hr/nekretnine/osijek-retfala-stan-urbanoj-vili-99m2-oglas-42013188
225,182153.0,126.0,45.56118451139485,18.64794659034136,Osječko-baranjska,Osijek,Retfala,0,1,3,1,1,0,https://www.njuskalo.hr/nekretnine/stan-osijek-126.00-m2-novogradnja-oglas-41412196
166,184900.0,78.0,45.56154434341789,18.645882048310458,Osječko-baranjska,Osijek,Retfala,0,1,3,1,2,0,https://www.njuskalo.hr/nekretnine/trosoban-stan-dvoristem-parkingom-retfala-osijek-oglas-41140952
455,185000.0,100.0,45.562304650046,18.645335749331,Osječko-baranjska,Osijek,Retfala,0,1,3,1,1,1,https://www.njuskalo.hr/nekretnine/stan-100-m2-cetverosobni-1-kat-retfala-osijek-novogradnja-oglas-39979290
510,185000.0,92.0,45.559207665955,18.674104544744,Osječko-baranjska,Osijek,Gornji grad / Centar,0,1,4,1,1,2,https://www.njuskalo.hr/nekretnine/stan-92.86m2-parking-mjesto-cetverosoban-stan-gornji-grad-oglas-40380329
142,187176.0,85.0,45.55221724865345,18.707966901923616,Osječko-baranjska,Osijek,Novi Grad,0,1,3,1,2,0,https://www.njuskalo.hr/nekretnine/stan-osijek-85.00-m2-novogradnja-oglas-41631846
195,187176.0,85.0,45.55575814571,18.721836451901,Osječko-baranjska,Osijek,Donji grad,0,1,3,2,1,0,https://www.njuskalo.hr/nekretnine/stan-osijek-85.00-m2-novogradnja-oglas-40986711
423,187200.0,96.0,45.564927717156,18.645075559616,Osječko-baranjska,Osijek,Retfala,0,2,4,2,1,0,https://www.njuskalo.hr/nekretnine/stan-osijek-96.82-m2-novogradnja-4.5-soban-dvoetazni-vrt-oglas-38815657
20,187910.0,98.0,45.560970594966,18.642572556707,Osječko-baranjska,Osijek,Retfala,0,1,4,2,2,2,https://www.njuskalo.hr/nekretnine/cetverosobni-stanovi-95.42m2-parkingom-mirna-zona-retfala-oglas-33299206
348,188651.0,99.0,45.56154434341789,18.645882048310458,Osječko-baranjska,Osijek,Retfala,0,1,3,1,2,4,https://www.njuskalo.hr/nekretnine/trosoban-stan-parkingom-retfala-osijek-oglas-41676833
511,189000.0,94.0,45.550874484073,18.682051125995,Osječko-baranjska,Osijek,Gornji grad / Centar,0,1,4,1,1,1,https://www.njuskalo.hr/nekretnine/stan-oglas-40380323
259,189900.0,104.0,45.56101143175865,18.64778959325253,Osječko-baranjska,Osijek,Retfala,0,1,4,2,2,1,https://www.njuskalo.hr/nekretnine/luksuzni-cetverosobni-105m2-retfala-loda-parking-1-kat-podno-oglas-38866359
286,190000.0,85.0,45.556940952787,18.669693162674,Osječko-baranjska,Osijek,Gornji grad / Centar,0,1,3,2,1,1,https://www.njuskalo.hr/nekretnine/stan-osijek-trosobni-siri-centar-85-m2-novogradnja-oglas-42194973
268,190000.0,126.0,45.5576,18.673588,Osječko-baranjska,Osijek,Gornji grad / Centar,0,1,5,2,1,1,https://www.njuskalo.hr/nekretnine/stan-osijek-centar-176.00-m2-oglas-41040747
193,190234.0,86.0,45.55575814571037,18.721836451900728,Osječko-baranjska,Osijek,Donji grad,0,1,4,2,2,1,https://www.njuskalo.hr/nekretnine/stan-osijek-86.00-m2-novogradnja-oglas-42102176
349,190646.0,100.0,45.56154434341789,18.645882048310458,Osječko-baranjska,Osijek,Retfala,0,1,3,1,2,1,https://www.njuskalo.hr/nekretnine/trosoban-stan-parkingom-retfala-osijek-oglas-41676832
148,191000.0,100.0,45.561575118229,18.646751536076,Osječko-baranjska,Osijek,Retfala,1,1,3,1,1,1,https://www.njuskalo.hr/nekretnine/osijek-stan-novogradnja-retfala-oglas-42050489
405,191216.0,112.0,45.56154434341789,18.645882048310458,Osječko-baranjska,Osijek,Retfala,1,1,4,2,1,1,https://www.njuskalo.hr/nekretnine/reftala-novogradnja-luksuzan-cetvorosoban-stan-urbanoj-vili-oglas-40473805
409,191216.0,112.0,45.56154434341789,18.645882048310458,Osječko-baranjska,Osijek,Retfala,1,1,4,2,1,2,https://www.njuskalo.hr/nekretnine/reftala-novogradnja-luksuzan-cetvorosoban-penthouse-urbanoj-vili-oglas-40473780
350,191653.0,100.0,45.56154434341789,18.645882048310458,Osječko-baranjska,Osijek,Retfala,0,1,3,1,2,0,https://www.njuskalo.hr/nekretnine/trosoban-stan-dvoristem-parkingom-retfala-osijek-oglas-41676830
213,191900.0,75.0,45.55852191947516,18.66790991782937,Osječko-baranjska,Osijek,Gornji grad / Centar,0,1,3,2,2,1,https://www.njuskalo.hr/nekretnine/siri-centar-luksuzni-trosobni-75m2.85m2-krovnim-terasama-podno-oglas-40524267
214,191900.0,75.0,45.556973909396135,18.669596829543966,Osječko-baranjska,Osijek,Gornji grad / Centar,0,1,3,2,2,1,https://www.njuskalo.hr/nekretnine/luksuzni-trosobni-75m2-krovna-terasa-75m2-blizina-novog-stadiona-oglas-40567256
55,192000.0,123.0,45.561123814511,18.646112455676,Osječko-baranjska,Osijek,Retfala,0,1,3,1,1,1,https://www.njuskalo.hr/nekretnine/tan-osijek-retfala-123.60-m2-1-kat-atraktivna-lokacija-oglas-36797172
464,192700.0,94.0,45.559864897032,18.664269447327,Osječko-baranjska,Osijek,Gornji grad / Centar,0,1,4,1,1,2,https://www.njuskalo.hr/nekretnine/cetverosobni-stanovi-izgradnji-oglas-36980793
267,193000.0,130.0,45.55803195352914,18.67563128471375,Osječko-baranjska,Osijek,Gornji grad / Centar,0,1,5,2,1,2,https://www.njuskalo.hr/nekretnine/stan-osijek-centar-176.00-m2-oglas-41040776
147,193000.0,101.0,45.563053109538,18.64661649296,Osječko-baranjska,Osijek,Retfala,1,1,3,1,1,0,https://www.njuskalo.hr/nekretnine/osijek-stan-novogradnja-retfala-101-m2-oglas-42050490
353,193200.0,92.0,45.555925336871546,18.72264309734987,Osječko-baranjska,Osijek,Donji grad,0,1,3,1,1,1,https://www.njuskalo.hr/nekretnine/trosoban-stan-natkrivenim-parkingom-donji-grad-osijek-oglas-41646141
263,193600.0,88.0,45.561212293602,18.670706585354,Osječko-baranjska,Osijek,Gornji grad / Centar,0,1,3,2,1,2,https://www.njuskalo.hr/nekretnine/trosoban-stan-2-kat-novogradnja-gornji-grad-oglas-40319663
28,194000.0,92.0,45.55348,18.717571,Osječko-baranjska,Osijek,Donji grad,0,1,3,1,1,1,https://www.njuskalo.hr/nekretnine/stan-osijek-55.00-m2-novogradnja-oglas-40884086
352,194000.0,92.0,45.555925336871546,18.72264309734987,Osječko-baranjska,Osijek,Donji grad,0,1,3,1,1,1,https://www.njuskalo.hr/nekretnine/trosoban-stan-natkrivenim-parkingom-donji-grad-osijek-oglas-41646142
32,194000.0,92.0,45.555925336871546,18.72264309734987,Osječko-baranjska,Osijek,Donji grad,0,1,3,1,1,1,https://www.njuskalo.hr/nekretnine/osijek-donji-grad-novogradnja-92-m2-oglas-41942613
262,194900.0,78.0,45.55527803608319,18.688322901791818,Osječko-baranjska,Osijek,Gornji grad / Centar,0,1,3,1,1,1,https://www.njuskalo.hr/nekretnine/3-soban-78-tavan-61m2-parking-147500-adaptiran-vukovarska-28-oglas-16379284
421,195000.0,92.0,45.553154,18.667519,Osječko-baranjska,Osijek,Gornji grad / Centar,0,1,4,1,1,2,https://www.njuskalo.hr/nekretnine/cetverosoban-stan-drugom-katu-novogradnja-oglas-41912016
478,195000.0,92.0,45.55806332285192,18.67137494147199,Osječko-baranjska,Osijek,Gornji grad / Centar,0,1,4,1,1,2,https://www.njuskalo.hr/nekretnine/stan-osijek-4-sobni-92.86-m2-novogradnja-siri-centar-prodaja-oglas-41184740
452,195000.0,98.0,45.538562281936,18.708898530161,Osječko-baranjska,Osijek,Uske njive,0,1,3,1,2,1,https://www.njuskalo.hr/nekretnine/stan-osijek-moderni-trosobni-stan-velicine-98-m2-novogradnja-oglas-41736771
216,195930.0,111.0,45.564349396214,18.64383314792,Osječko-baranjska,Osijek,Retfala,0,1,4,2,2,1,https://www.njuskalo.hr/nekretnine/luksuzni-4-sobni-105m2-112m2-127m2-dizalica-topline-dvorista-100m2-oglas-39907609
146,196000.0,112.0,45.563476031339,18.643422113725,Osječko-baranjska,Osijek,Retfala,0,1,4,2,1,2,https://www.njuskalo.hr/nekretnine/osijek-retfala-4s-penthouse-112-m2-oglas-42136995
236,197000.0,112.0,45.560058422012,18.645367689815,Osječko-baranjska,Osijek,Retfala,0,1,4,2,1,1,https://www.njuskalo.hr/nekretnine/prodaja-stan-osijek-sljemenska-112.00-m2-oglas-40349050
126,197900.0,85.0,45.55862257112466,18.667883584195238,Osječko-baranjska,Osijek,Gornji grad / Centar,0,1,3,2,1,1,https://www.njuskalo.hr/nekretnine/luksuzni-trosobni-85m2-krovna-terasa-75m2-blizina-novog-stadiona-oglas-40567279
297,198000.0,90.0,45.5611979376,18.671555917775,Osječko-baranjska,Osijek,Gornji grad / Centar,0,1,3,1,1,1,https://www.njuskalo.hr/nekretnine/osijek-90.00-m2-novogradnja-dvorisni-vrt-dupla-garaza-oglas-41388398
498,198000.0,161.0,45.314797684393,18.421654443434,Osječko-baranjska,Đakovo,Đakovo,0,1,4,1,2,2,https://www.njuskalo.hr/nekretnine/top-stan-centar-dakova-stan-161.97m2-plus-31.41m2-lode-oglas-41083831
364,198900.0,121.0,45.562897512362,18.642063556561,Osječko-baranjska,Osijek,Retfala,0,1,4,2,2,2,https://www.njuskalo.hr/nekretnine/luksuzni-cetverosobni-121m2-drugi-kat-parking-prostrana-loda-oglas-40788312
363,198900.0,121.0,45.562897512362,18.642063556561,Osječko-baranjska,Osijek,Retfala,0,1,4,2,2,1,https://www.njuskalo.hr/nekretnine/luksuzni-cetverosobni-121m2-terase-parking-dvoriste-retfala-oglas-40728315
258,198900.0,121.0,45.562897512362,18.642063556561,Osječko-baranjska,Osijek,Retfala,0,1,4,2,2,1,https://www.njuskalo.hr/nekretnine/luksuzni-cetverosobni-121m2-prvi-kat-parking-prostrana-loda-oglas-40788303
422,199000.0,94.0,45.553154,18.667519,Osječko-baranjska,Osijek,Gornji grad / Centar,0,1,4,1,1,1,https://www.njuskalo.hr/nekretnine/cetverosoban-stan-prvom-katu-urbane-vile-oglas-40095453
393,199000.0,104.0,45.56005430948171,18.645233607731196,Osječko-baranjska,Osijek,Retfala,0,1,4,2,1,2,https://www.njuskalo.hr/nekretnine/prodaje-se-stan-osijeku-cvrsnickoj-ulici-novogradnja-oglas-40653423
474,199000.0,88.0,45.5541566420352,18.680627253279344,Osječko-baranjska,Osijek,Gornji grad / Centar,0,1,5,2,1,5,https://www.njuskalo.hr/nekretnine/stan-osijek-88.00-m2-radiceva-ulica-oglas-41391016
477,199000.0,94.0,45.559834514614,18.673597186791163,Osječko-baranjska,Osijek,Gornji grad / Centar,0,1,4,1,1,1,https://www.njuskalo.hr/nekretnine/stan-osijek-4-sobni-94.86-m2-novogradnja-siri-centar-oglas-41184695
336,199900.0,103.0,45.556742794413,18.670698208391,Osječko-baranjska,Osijek,Gornji grad / Centar,0,2,4,1,1,3,https://www.njuskalo.hr/nekretnine/noviji-dvoetazni-cetverosoban-103m2-garaza-15m2-ruzina-24-oglas-16404929
454,200000.0,100.0,45.561786432695,18.645694776566,Osječko-baranjska,Osijek,Retfala,0,1,3,1,1,0,https://www.njuskalo.hr/nekretnine/stan-100-m2-cetverosobni-prizemlje-retfala-osijek-novogradnja-oglas-39979293
226,200000.0,110.0,45.55777143245873,18.66834426018624,Osječko-baranjska,Osijek,Gornji grad / Centar,0,1,3,2,1,1,https://www.njuskalo.hr/nekretnine/prodaja-stan-osijek-radica-110.00-m2-oglas-41321460
525,200000.0,172.0,45.557074969918034,18.682023569502224,Osječko-baranjska,Osijek,Industrijska četvrt,0,2,4,1,1,3,https://www.njuskalo.hr/nekretnine/cetverosoban-stan-ulica-kralja-zvonimira-oglas-27161817
21,200000.0,100.0,45.56334281807353,18.67159724235535,Osječko-baranjska,Osijek,Gornji grad / Centar,0,1,4,1,1,1,https://www.njuskalo.hr/nekretnine/stambeno-poslovni-prostor-stan-100m2-strogom-centru-osijeka-oglas-40613465
84,201000.0,112.0,45.558244922278,18.649713902272,Osječko-baranjska,Osijek,Retfala,0,1,4,2,1,1,https://www.njuskalo.hr/nekretnine/stan-osijek-112.00-m2-novogradnja-oglas-40193772
60,202000.0,101.0,45.55911476488631,18.671850612824407,Osječko-baranjska,Osijek,Gornji grad / Centar,0,1,4,2,1,1,https://www.njuskalo.hr/nekretnine/stan-osijek-siri-centar-luksuzan-cetverosoban-spa-zona-oglas-36552270
58,202000.0,101.0,45.55911476488631,18.671850612824407,Osječko-baranjska,Osijek,Gornji grad / Centar,0,1,4,2,1,2,https://www.njuskalo.hr/nekretnine/stan-osijek-siri-centar-luksuzan-cetverosoban-spa-zona-2-kat-oglas-36552269
165,204900.0,106.0,45.56154434341789,18.645882048310458,Osječko-baranjska,Osijek,Retfala,0,1,4,2,3,1,https://www.njuskalo.hr/nekretnine/cetverosoban-stan-parkingom-retfala-osijek-oglas-41140953
475,205000.0,95.0,45.561753231955,18.6720619202,Osječko-baranjska,Osijek,Gornji grad / Centar,0,1,3,2,1,3,https://www.njuskalo.hr/nekretnine/centar-3-soban-luksuzan-stan-osijek-95.07-m2-oglas-39608026
1,205000.0,87.0,45.565553135715,18.665714266987,Osječko-baranjska,Osijek,Gornji grad / Centar,0,1,4,2,1,2,https://www.njuskalo.hr/nekretnine/vrhunski-ekskluzivini-cetverosoban-stan-2-apartmana-splavarska-ul-oglas-36703202
232,205000.0,86.0,45.556977774475,18.669586044609,Osječko-baranjska,Osijek,Gornji grad / Centar,0,1,4,2,1,2,https://www.njuskalo.hr/nekretnine/prodaja-stan-parkirno-mjesto-osijek-splavarska-86.55-m2-oglas-39060272
4,207200.0,112.0,45.534035178846,18.634753589938,Osječko-baranjska,Osijek,Cvjetno naselje,0,1,4,2,1,1,https://www.njuskalo.hr/nekretnine/stanovi-izgradnji-cetverosobni-112m2-132m2-vrt-parking-ul-oglas-42211001
433,207200.0,112.0,45.534023,18.635073,Osječko-baranjska,Osijek,Cvjetno naselje,0,1,4,2,2,0,https://www.njuskalo.hr/nekretnine/stan-osijek-112.00-m2-novogradnja-oglas-41750644
266,208000.0,140.0,45.55803195352914,18.67563128471375,Osječko-baranjska,Osijek,Gornji grad / Centar,0,1,5,2,1,0,https://www.njuskalo.hr/nekretnine/stan-osijek-150.00-m2-oglas-41155455
190,208000.0,92.0,45.563501835523,18.646739185992,Osječko-baranjska,Osijek,Retfala,0,1,3,1,1,1,https://www.njuskalo.hr/nekretnine/dizajnerski-luksuz-osijeku-oglas-41631563
361,208494.0,115.0,45.557134752975,18.672894634293,Osječko-baranjska,Osijek,Gornji grad / Centar,0,1,4,2,2,1,https://www.njuskalo.hr/nekretnine/stan-osijek-116.00-m2-novogradnja-oglas-37459619
380,208530.0,115.0,45.55827645661121,18.67410551960017,Osječko-baranjska,Osijek,Gornji grad / Centar,0,1,4,2,2,2,https://www.njuskalo.hr/nekretnine/luksuzni-cetversobni-2-kat-grijanje-hladenje-dizalica-topline-oglas-37501621
509,209000.0,85.0,45.545845676979,18.680132073146,Osječko-baranjska,Osijek,Gornji grad / Centar,0,1,4,1,1,0,https://www.njuskalo.hr/nekretnine/stan-oglas-40380341
407,210000.0,75.0,45.56154434341789,18.645882048310458,Osječko-baranjska,Osijek,Retfala,0,1,3,1,1,0,https://www.njuskalo.hr/nekretnine/osijek-retfala-ekskluzivan-trosoban-stan-dvoristem-dva-parkinga-oglas-40473748
500,211000.0,71.0,45.55483167113628,18.7221622467041,Osječko-baranjska,Osijek,Donji grad,0,1,3,1,1,2,https://www.njuskalo.hr/nekretnine/stan-osijek-71.00-m2-oglas-33817747
143,211000.0,71.0,45.555925336871546,18.72264309734987,Osječko-baranjska,Osijek,Donji grad,0,1,3,1,1,2,https://www.njuskalo.hr/nekretnine/stan-osijek-donji-grad-71m2-oglas-41386828
107,211200.0,96.0,45.561869529842,18.642008875822,Osječko-baranjska,Osijek,Retfala,0,2,4,2,1,2,https://www.njuskalo.hr/nekretnine/cetverosoban-stan-retfala-novogradnja-oglas-41939278
75,211450.0,112.0,45.5338699,18.6351997,Osječko-baranjska,Osijek,Cvjetno naselje,0,1,4,2,1,0,https://www.njuskalo.hr/nekretnine/osijek-cvjetno-naselje-prodaja-stan-urbanoj-vili-prizemlje-oglas-42236766
338,214000.0,104.0,45.54535821075766,18.702251308616667,Osječko-baranjska,Osijek,Jug I,0,1,4,2,2,0,https://www.njuskalo.hr/nekretnine/cetverosoban-stan-dvoristem-jug-l-osijek-oglas-41763207
321,214000.0,59.0,45.559897373154,18.668124589228,Osječko-baranjska,Osijek,Gornji grad / Centar,0,1,3,1,1,1,https://www.njuskalo.hr/nekretnine/prodaja-osijek-siri-centar-novogradnja-dvosobni-dvoristem-54.00-oglas-38312867
151,214920.0,108.0,45.54719493921381,18.71855762637509,Osječko-baranjska,Osijek,Jug II,0,1,4,2,1,0,https://www.njuskalo.hr/nekretnine/luksuzni-stan-108m2-prizemlje-josipa-reihla-kira-oglas-41631847
13,214920.0,108.0,45.549493489811,18.708239292069923,Osječko-baranjska,Osijek,Jug II,0,1,4,2,2,0,https://www.njuskalo.hr/nekretnine/prodaja-luksuznog-stana-prizemlje-oglas-42112363
5,214920.0,108.0,45.544811973789,18.700612241348,Osječko-baranjska,Osijek,Jug I,0,1,4,2,1,0,https://www.njuskalo.hr/nekretnine/vrhunska-novogradnja-cetverosoban-stan-108.82-m2-vrt-63.04-m2-oglas-40529110
25,214990.0,124.0,45.55726085285718,18.720407011425124,Osječko-baranjska,Osijek,Donji grad,0,1,5,2,2,1,https://www.njuskalo.hr/nekretnine/donji-grad-centar-noviji-peterosoban-124m2-gradsko-grijanje-1-kat-oglas-41401244
521,216000.0,144.0,45.562796825008,18.671453073621,Osječko-baranjska,Osijek,Gornji grad / Centar,0,1,4,2,1,3,https://www.njuskalo.hr/nekretnine/stan-osijek-centar-luksuzan-stan-144.00-m2-novogradnja-oglas-30958895
194,216000.0,120.0,45.550533,18.717495,Osječko-baranjska,Osijek,Jug II,0,3,4,3,2,0,https://www.njuskalo.hr/nekretnine/stan-osijek-91.00-m2-novogradnja-oglas-39903838
408,216910.0,109.0,45.54535821075766,18.702251308616667,Osječko-baranjska,Osijek,Jug I,1,1,4,2,1,0,https://www.njuskalo.hr/nekretnine/osijek-jug-2-vrhunski-opremljen-cetvorosoban-stan-prizemlju-oglas-40473691
322,218900.0,142.0,45.55759869808586,18.66851780665678,Osječko-baranjska,Osijek,Gornji grad / Centar,0,1,4,2,2,1,https://www.njuskalo.hr/nekretnine/luksuzni-cetverosoban-143m2-1-kat-prostrana-terasa-parking-centar-oglas-40079943
514,219000.0,118.0,45.560922053946,18.669443312351,Osječko-baranjska,Osijek,Gornji grad / Centar,0,1,3,1,1,1,https://www.njuskalo.hr/nekretnine/prodaje-se-stan-trgu-ante-starcevica-118.10m2-oglas-40299634
458,219000.0,143.0,45.55911476488631,18.671850612824407,Osječko-baranjska,Osijek,Gornji grad / Centar,0,1,4,1,1,1,https://www.njuskalo.hr/nekretnine/stan-143-m-cetverosobni-osijek-centar-1-kat-novogradnja-oglas-39948583
456,220000.0,117.0,45.55911476488631,18.671850612824407,Osječko-baranjska,Osijek,Gornji grad / Centar,0,1,3,1,1,2,https://www.njuskalo.hr/nekretnine/stan-117-m-cetverosobni-centar-osijek-novogradnja-oglas-39979286
290,220000.0,118.0,45.54366998442603,18.67516225713277,Osječko-baranjska,Osijek,Bosutsko naselje,0,1,4,1,1,2,https://www.njuskalo.hr/nekretnine/stan-osijek-118.00-m2-novogradnja-bosutsko-oglas-41052372
429,220350.0,113.0,45.564927717156,18.645075559616,Osječko-baranjska,Osijek,Retfala,0,2,4,2,1,0,https://www.njuskalo.hr/nekretnine/stan-osijek-113.28-m2-novogradnja-4.5-soban-dvoetazni-vrt-oglas-38815590
463,221400.0,108.0,45.55740843862648,18.652263879776,Osječko-baranjska,Osijek,Retfala,0,1,4,2,1,2,https://www.njuskalo.hr/nekretnine/novogradnja-sljemenska-luksuzni-cetverosobni-stanovi-izgradnji-oglas-36991761
219,221540.0,100.0,45.55563662488742,18.722142997574235,Osječko-baranjska,Osijek,Donji grad,0,1,4,2,2,1,https://www.njuskalo.hr/nekretnine/luksuzni-4-sobni-101m2-prvi-kat-solar-dizalice-topline-parking-oglas-40820964
18,221540.0,100.0,45.55656091208909,18.72637762257033,Osječko-baranjska,Osijek,Donji grad,0,1,4,2,2,2,https://www.njuskalo.hr/nekretnine/luksuzni-4-sobni-101m2-drugi-kat-solar-dizalice-topline-parking-oglas-40821008
344,221540.0,87.0,45.556560912089,18.72637762257,Osječko-baranjska,Osijek,Donji grad,0,1,4,2,1,0,https://www.njuskalo.hr/nekretnine/donji-grad-luksuzni-cetverosobni-88m2-99m2-dvoriste-parking-loda-oglas-37893087
496,224000.0,115.0,45.574074223527,18.708893307899,Osječko-baranjska,Osijek,Tvrđa,0,1,4,2,1,2,https://www.njuskalo.hr/nekretnine/stan-osijek-oglas-40571216
57,224250.0,115.0,45.560676032231,18.646217249064,Osječko-baranjska,Osijek,Retfala,0,1,4,2,1,2,https://www.njuskalo.hr/nekretnine/stan-osijek-retfala-115m2-2-kat-novogradnja-oglas-40542961
480,226630.0,90.0,45.561170782297566,18.67175871281277,Osječko-baranjska,Osijek,Gornji grad / Centar,0,1,4,1,1,1,https://www.njuskalo.hr/nekretnine/stan-hebrangovoj-ulici-osijeku-90.65m2-novogradnja-oglas-41404783
355,227307.0,133.0,45.3074629,18.4166481,Osječko-baranjska,Đakovo,Đakovo,0,1,4,2,1,1,https://www.njuskalo.hr/nekretnine/cetverosoban-stan-dakovo-centar-133.71-m2-gpm-oglas-40001155
372,229944.0,104.0,45.560270304342,18.643784999406,Osječko-baranjska,Osijek,Retfala,0,1,4,2,2,1,https://www.njuskalo.hr/nekretnine/stan-osijek-104.00-m2-novogradnja-oglas-40279436
215,229944.0,104.0,45.561663439472,18.648239119945,Osječko-baranjska,Osijek,Retfala,0,1,4,2,2,2,https://www.njuskalo.hr/nekretnine/luksuzni-cetverosobni-104m2-solar-dizalice-topline-2-kat-parking-oglas-40085654
93,229944.0,104.0,45.56350549499787,18.6478726338335,Osječko-baranjska,Osijek,Retfala,0,1,4,2,2,1,https://www.njuskalo.hr/nekretnine/luksuzni-cetverosobni-104m2-solar-dizalice-topline-1-kat-parking-oglas-40085475
370,229944.0,104.0,45.560270304342,18.643784999406,Osječko-baranjska,Osijek,Retfala,0,1,4,2,2,2,https://www.njuskalo.hr/nekretnine/luksuzni-cetverosobni-104m2-solar-dizalice-topline-2-kat-parking-oglas-40279498
529,230000.0,150.0,45.55911476488631,18.671850612824407,Osječko-baranjska,Osijek,Gornji grad / Centar,0,1,5,1,1,0,https://www.njuskalo.hr/nekretnine/stan-osijek-l-jagera-150.40-m2-oglas-10510919
140,232000.0,132.0,45.563309712576,18.646931421728,Osječko-baranjska,Osijek,Retfala,0,1,5,2,1,2,https://www.njuskalo.hr/nekretnine/retfala-stan-zgradi-132-m2-oglas-42145907
428,232050.0,119.0,45.564927717156,18.645075559616,Osječko-baranjska,Osijek,Retfala,0,1,4,2,1,1,https://www.njuskalo.hr/nekretnine/stan-osijek-119.92-m2-novogradnja-4-soban-oglas-38816001
16,233000.0,156.0,45.567718802788,18.690395431445,Osječko-baranjska,Osijek - Okolica,Tvrđavica,0,1,5,2,1,1,https://www.njuskalo.hr/nekretnine/luksuzni-stan-urbanoj-vili-156m2-oglas-40318691
179,235000.0,108.0,45.5615985094862,18.642110167142175,Osječko-baranjska,Osijek,Retfala,0,1,4,1,1,2,https://www.njuskalo.hr/nekretnine/prodaje-se-stan-retfali-zrinske-gore-108m2-oglas-41344324
435,235000.0,108.0,45.56216501222,18.652554704408,Osječko-baranjska,Osijek,Retfala,0,1,4,2,1,2,https://www.njuskalo.hr/nekretnine/stan-oglas-41120246
413,235000.0,110.0,45.54759968181031,18.68214091407222,Osječko-baranjska,Osijek,Bosutsko naselje,0,1,5,2,1,2,https://www.njuskalo.hr/nekretnine/osijek-odlican-peterosoban-stan-drugom-katu-urbane-vile-oglas-40473631
365,236540.0,100.0,45.556560912089,18.72637762257,Osječko-baranjska,Osijek,Donji grad,0,1,4,2,2,0,https://www.njuskalo.hr/nekretnine/luksuzni-4-sobni-101m2-vrt-100m2-solar-dizalice-topline-parking-oglas-40820908
246,239000.0,96.0,45.56154434341789,18.645882048310458,Osječko-baranjska,Osijek,Retfala,0,1,4,1,2,0,https://www.njuskalo.hr/nekretnine/cetverosoban-stan-dvoristem-garazom-retfala-osijek-oglas-41341681
41,239000.0,127.0,45.5657705,18.6363024,Osječko-baranjska,Osijek,Retfala,0,1,3,1,1,0,https://www.njuskalo.hr/nekretnine/osijek-stan-prodaja-prizemlje-urbane-vile-vrt-garaza-parking-oglas-39103059
323,239400.0,126.0,45.56315394758678,18.64451117493822,Osječko-baranjska,Osijek,Retfala,0,1,3,1,2,2,https://www.njuskalo.hr/nekretnine/stan-osijeku-98.00-m2-25-m2-parkirno-mjesto-novogradnja-oglas-40596124
178,240000.0,371.0,45.56132368879,18.674945744387,Osječko-baranjska,Osijek,Gornji grad / Centar,1,3,5,4,2,1,https://www.njuskalo.hr/nekretnine/stan-osijek-cca-300.00-m2-novogradnja-oglas-42053442
414,240000.0,113.0,45.54759968181031,18.68214091407222,Osječko-baranjska,Osijek,Bosutsko naselje,0,1,5,2,1,1,https://www.njuskalo.hr/nekretnine/osijek-odlican-peterosoban-stan-prvom-katu-urbane-vile-oglas-40473630
66,240000.0,87.0,45.55814115576768,18.668043329968807,Osječko-baranjska,Osijek,Gornji grad / Centar,0,1,4,1,1,2,https://www.njuskalo.hr/nekretnine/stan-osijek-gornji-grad-140-m2-drugi-kat-oglas-41988156
472,242000.0,110.0,45.563846969541,18.63716869777,Osječko-baranjska,Osijek,Retfala,0,1,4,1,1,2,https://www.njuskalo.hr/nekretnine/stan-osijek-top-lokacija-prodaja-luksuznih-stanova-oglas-39530410
387,245000.0,115.0,45.560518943279085,18.668717204190795,Osječko-baranjska,Osijek,Gornji grad / Centar,0,2,3,2,1,2,https://www.njuskalo.hr/nekretnine/osijek-dubrovacka-ulica-120-m2-luksuzno-opremljen-3-sobni-stan-oglas-41628328
129,246000.0,136.0,45.557491076435,18.656878688015,Osječko-baranjska,Osijek,Retfala,0,1,4,1,1,0,https://www.njuskalo.hr/nekretnine/stan-osijek-136.00-m2-novogradnja-oglas-41719921
207,246000.0,120.0,45.557202161196,18.669083717233,Osječko-baranjska,Osijek,Gornji grad / Centar,0,2,3,2,1,2,https://www.njuskalo.hr/nekretnine/dvoetazni-stan-osijeku-dubrovacka-ulica-114.21m2-oglas-41373581
40,248400.0,131.0,45.5338699,18.6351997,Osječko-baranjska,Osijek,Cvjetno naselje,0,1,4,2,1,2,https://www.njuskalo.hr/nekretnine/osijek-cvjetno-naselje-prodaja-stan-urbanoj-vili-ii-kat-oglas-42236764
157,250000.0,150.0,45.5599063298266,18.668130360549917,Osječko-baranjska,Osijek,Gornji grad / Centar,0,1,5,2,1,2,https://www.njuskalo.hr/nekretnine/prodaja-stan-150-m2-strogi-centar-osijeka-oglas-32295448
113,250000.0,123.0,45.551893459189,18.697574435444,Osječko-baranjska,Osijek,Sjenjak,0,1,4,2,1,4,https://www.njuskalo.hr/nekretnine/stan-osijek-sjenjak-123.00-m2-jednoetazni-oglas-41801364
507,254121.0,121.0,45.56176270008199,18.648277615516506,Osječko-baranjska,Osijek,Retfala,0,1,4,2,1,0,https://www.njuskalo.hr/nekretnine/prodaja-stanova-retfali-sandora-petefija-novogradnja-oglas-40485051
431,254999.0,145.0,45.493079278008,18.097551496556,Osječko-baranjska,Našice,Našice,0,1,4,1,1,1,https://www.njuskalo.hr/nekretnine/nasice-atraktivan-stan-izgradnji-oglas-41493184
296,255000.0,159.0,45.556756904846,18.670549350219,Osječko-baranjska,Osijek,Gornji grad / Centar,0,3,4,3,1,0,https://www.njuskalo.hr/nekretnine/osijek-novogradnja-159.00-m2-oglas-38078214
76,256800.0,136.0,45.5338699,18.6351997,Osječko-baranjska,Osijek,Cvjetno naselje,0,1,4,2,1,1,https://www.njuskalo.hr/nekretnine/osijek-cvjetno-naselje-prodaja-stan-urbanoj-vili-kat-oglas-42236765
196,260000.0,186.0,45.5590396932036,18.667844611658158,Osječko-baranjska,Osijek,Gornji grad / Centar,0,1,5,2,1,1,https://www.njuskalo.hr/nekretnine/predivan-secesijski-stan-strogi-centar-grada-oglas-40902400
155,264000.0,130.0,45.55911476488631,18.671850612824407,Osječko-baranjska,Osijek,Gornji grad / Centar,0,1,5,2,1,4,https://www.njuskalo.hr/nekretnine/osijek-moderan-gradanski-stan-130m2-oglas-41386827
128,264900.0,120.0,45.563559005238,18.660488253703,Osječko-baranjska,Osijek,Gornji grad / Centar,0,1,5,2,2,4,https://www.njuskalo.hr/nekretnine/luksuzni-peterosobni-120m2-dupla-garaza-uzi-centar-loda-ostava-oglas-39616656
24,264900.0,135.0,45.55911476488631,18.671850612824407,Osječko-baranjska,Osijek,Gornji grad / Centar,0,1,5,2,2,4,https://www.njuskalo.hr/nekretnine/peterosoban-stan-centar-osijeka-a-hebranga-2-gpm-135-m2-4-kat-oglas-40950308
326,264900.0,120.0,45.55911476488631,18.671850612824407,Osječko-baranjska,Osijek,Gornji grad / Centar,0,1,5,2,2,4,https://www.njuskalo.hr/nekretnine/peterosoban-stan-parkingom-siri-centar-osijeka-oglas-41784144
37,279000.0,176.0,45.5657705,18.6363024,Osječko-baranjska,Osijek,Retfala,0,1,4,1,1,1,https://www.njuskalo.hr/nekretnine/osijek-stan-prodaja-1-kat-urbane-vile-garaza-parking-oglas-39111891
400,279000.0,165.0,45.55221724865345,18.707966901923616,Osječko-baranjska,Osijek,Novi Grad,0,1,4,2,1,5,https://www.njuskalo.hr/nekretnine/osijek-divaltova-vrhunski-ureden-cetverosobni-penthouse-garazom-oglas-40990739
98,279800.0,137.0,45.56153500494944,18.648178718482093,Osječko-baranjska,Osijek,Retfala,1,2,5,2,2,2,https://www.njuskalo.hr/nekretnine/luksuzne-peterosobne-kuce-137m2-natkriveni-parking-dvoriste-oglas-42196091
105,280000.0,143.0,45.55911476488631,18.671850612824407,Osječko-baranjska,Osijek,Gornji grad / Centar,1,3,4,1,1,1,https://www.njuskalo.hr/nekretnine/najbolje-baroknom-gradu-143.37m-luksuzna-vila-prodaju-oglas-41684694
114,299900.0,128.0,45.56019051927122,18.6737578211563,Osječko-baranjska,Osijek,Gornji grad / Centar,0,1,3,1,1,1,https://www.njuskalo.hr/nekretnine/strogi-centar-1-kat-stan-128m2-dio-tavana-podruma-gradsko-g-oglas-42213941
395,300000.0,165.0,45.55193,18.70771,Osječko-baranjska,Osijek,Novi Grad,0,2,5,1,1,4,https://www.njuskalo.hr/nekretnine/stan-osijek-165.75-m2-oglas-25080350
192,300700.0,167.0,45.563204597708,18.648119711492,Osječko-baranjska,Osijek,Retfala,0,2,3,2,1,1,https://www.njuskalo.hr/nekretnine/prodaja-stana-zumberacka-17-osijek-centar-retfale-167m2-novogradnja-oglas-40426692
388,312000.0,92.0,45.561501406418,18.64468303457,Osječko-baranjska,Osijek,Retfala,0,1,3,1,1,2,https://www.njuskalo.hr/nekretnine/lukuz-elegancija-osijek-oglas-41586360
351,319000.0,152.0,45.56154434341789,18.645882048310458,Osječko-baranjska,Osijek,Retfala,0,1,5,2,3,1,https://www.njuskalo.hr/nekretnine/atraktivan-peterosoban-stan-retfala-osijek-oglas-41652618
503,320000.0,97.0,45.56096649665953,18.64257686887977,Osječko-baranjska,Osijek,Retfala,0,1,4,1,1,2,https://www.njuskalo.hr/nekretnine/prodaje-se-stan-retfali-fruskogorska-ulica-97m2-novogradnja-oglas-40639655
420,320000.0,280.0,45.559002,18.721003,Osječko-baranjska,Osijek,Donji grad,0,1,5,2,1,1,https://www.njuskalo.hr/nekretnine/stan-osijek-donji-grad-peterosobni-280.00-m2-oglas-34577373
252,330000.0,141.0,45.560059210802,18.644935872283,Osječko-baranjska,Osijek,Retfala,0,1,4,2,1,2,https://www.njuskalo.hr/nekretnine/stan-osijek-retfala-luksuzni-cetverosobni-stan-142-m2-oglas-41982922
331,330000.0,170.0,45.56062276508399,18.68707445055972,Osječko-baranjska,Osijek,Gornji grad / Centar,0,1,4,2,1,0,https://www.njuskalo.hr/nekretnine/top-lokacija-stan-osijeku-vijenac-ivana-mazuranica-2-oglas-39864651
482,338550.0,183.0,45.310196747074826,18.4097186748088,Osječko-baranjska,Đakovo,Đakovo,0,1,5,2,1,1,https://www.njuskalo.hr/nekretnine/stan-dakovo-183.13-m2-oglas-41391984
377,340000.0,110.0,45.5619,18.66509,Osječko-baranjska,Osijek,Gornji grad / Centar,0,1,4,1,1,1,https://www.njuskalo.hr/nekretnine/luksuzni-4sobni-novogradnja-namjesten-garaza-ilirska-ulica-oglas-40694344
9,340000.0,110.0,45.560451123451,18.667600447534,Osječko-baranjska,Osijek,Gornji grad / Centar,0,1,4,1,1,1,https://www.njuskalo.hr/nekretnine/stan-osijek-110.00-m2-novogradnja-velikom-terasom-garazom-oglas-42329284
347,345000.0,94.0,45.557180481097,18.672984662029,Osječko-baranjska,Osijek,Gornji grad / Centar,0,1,3,1,1,1,https://www.njuskalo.hr/nekretnine/poslovno-stambeni-prostor-osijek-strogi-centar-243-m2-oglas-37405505
197,350000.0,170.0,45.535015864836,18.634407018589,Osječko-baranjska,Osijek,Cvjetno naselje,0,1,5,2,1,1,https://www.njuskalo.hr/nekretnine/peterosobni-stan-170-m2-vrhunska-izgradnja-oglas-40229998
287,351450.0,213.0,45.561727827518,18.646352291107,Osječko-baranjska,Osijek,Retfala,0,2,5,1,2,0,https://www.njuskalo.hr/nekretnine/stan-osijek-retfala-8-sobni-stan-213-m2-vlastitim-dvoristem-oglas-40389425
339,367000.0,183.0,45.556733627548,18.670846665267,Osječko-baranjska,Osijek,Gornji grad / Centar,0,1,5,3,2,1,https://www.njuskalo.hr/nekretnine/stan-osijek-161.00-m2-novogradnja-oglas-41883445
278,367000.0,184.0,45.55961492059804,18.667975228164817,Osječko-baranjska,Osijek,Gornji grad / Centar,0,1,5,1,1,1,https://www.njuskalo.hr/nekretnine/stan-osijek-siri-centar-sesterosobni-stan-184-m2-novogradnja-oglas-42199159
440,380000.0,316.0,45.55732,18.68688,Osječko-baranjska,Osijek,Gornji grad / Centar,1,3,5,1,2,1,https://www.njuskalo.hr/nekretnine/viseetazni-stan-316-m2-7-soba-siri-centar-ul-f-krezme-oglas-41623680
180,380000.0,180.0,45.56005471443325,18.668236124488697,Osječko-baranjska,Osijek,Gornji grad / Centar,0,1,5,2,2,1,https://www.njuskalo.hr/nekretnine/stan-osijek-europske-avenije-180-m2-terasom-100-m2-2-garaze-oglas-39575831
481,403000.0,138.0,45.561170782298,18.671758712813,Osječko-baranjska,Osijek,Gornji grad / Centar,0,1,5,2,1,2,https://www.njuskalo.hr/nekretnine/stan-hebrangovoj-ulici-138.85m2-osijek-novogradnja-oglas-41404633
199,403700.0,152.0,45.55989737315402,18.66812458922765,Osječko-baranjska,Osijek,Gornji grad / Centar,0,1,5,1,1,2,https://www.njuskalo.hr/nekretnine/stan-osijek-centar-sesterosobni-satn-152-m2-novogradnja-oglas-40928604
198,450000.0,190.0,45.53608501902815,18.629192101917056,Osječko-baranjska,Osijek,Cvjetno naselje,0,2,5,2,1,2,https://www.njuskalo.hr/nekretnine/peterosobni-stan-190-m2-vlastita-terasa-krovu-vrhunska-izgrad-oglas-40225777
406,540000.0,52.0,45.55911476488631,18.671850612824407,Osječko-baranjska,Osijek,Gornji grad / Centar,1,1,2,1,1,3,https://www.njuskalo.hr/nekretnine/luksuzni-apartman-centru-osijeka-51.59-m2-oglas-40473802
439,900000.0,470.0,45.55972,18.6827,Osječko-baranjska,Osijek,Gornji grad / Centar,0,3,5,4,1,1,https://www.njuskalo.hr/nekretnine/gradska-vila-2-kata-470-m2-stambeno-3-stana-centar-radiceva-oglas-41701730
